unnamed,2026-03-31,2025-03-31,2024-03-31,2023-03-31,2022-03-31,company,unnamed_2,unnamed_3,unnamed_4,unnamed_5,unnamed_6,unnamed_7,unnamed_8,unnamed_9,unnamed_10,unnamed_11,unnamed_12,unnamed_13,unnamed_14,unnamed_15,unnamed_16,unnamed_17,unnamed_18,unnamed_19,unnamed_20,unnamed_21,unnamed_22,unnamed_23,unnamed_24,unnamed_25,unnamed_26,unnamed_27,unnamed_28,unnamed_29,unnamed_30,unnamed_31,unnamed_32,unnamed_33,unnamed_34,unnamed_35,unnamed_36,unnamed_37,unnamed_38,unnamed_39,unnamed_40,unnamed_41,unnamed_42,unnamed_43,unnamed_44,unnamed_45,unnamed_46,unnamed_47,unnamed_48,unnamed_49,unnamed_50,unnamed_51,unnamed_52,unnamed_53,unnamed_54
Tax Effect Of Unusual Items,-1227859509.749135,-496192642.739808,215668344.111959,-1130340966.135074,,Zydus Lifesciences,,,,,,,,,,,,,,,,,,,,,,,,,,,,,,,,,,,,,,,,,,,,,,,,,,,,,
Tax Rate For Calcs,0.240851,0.234274,0.203269,0.226976,,Zydus Lifesciences,,,,,,,,,,,,,,,,,,,,,,,,,,,,,,,,,,,,,,,,,,,,,,,,,,,,,
Normalized EBITDA,89039000000.0,71128000000.0,55109000000.0,33418000000.0,,Zydus Lifesciences,,,,,,,,,,,,,,,,,,,,,,,,,,,,,,,,,,,,,,,,,,,,,,,,,,,,,
Total Unusual Items,-5098000000.0,-768000000.0,1061000000.0,961000000.0,,Zydus Lifesciences,,,,,,,,,,,,,,,,,,,,,,,,,,,,,,,,,,,,,,,,,,,,,,,,,,,,,
Total Unusual Items Excluding Goodwill,-5098000000.0,-2118000000.0,1061000000.0,-4980000000.0,,Zydus Lifesciences,,,,,,,,,,,,,,,,,,,,,,,,,,,,,,,,,,,,,,,,,,,,,,,,,,,,,
Net Income From Continuing Operation Net Minority Interest,50400000000.0,45255000000.0,38365000000.0,19649000000.0,,Zydus Lifesciences,,,,,,,,,,,,,,,,,,,,,,,,,,,,,,,,,,,,,,,,,,,,,,,,,,,,,
Reconciled Depreciation,14080000000.0,9158000000.0,7641000000.0,7227000000.0,,Zydus Lifesciences,,,,,,,,,,,,,,,,,,,,,,,,,,,,,,,,,,,,,,,,,,,,,,,,,,,,,
Reconciled Cost Of Revenue,76592000000.0,66664000000.0,65004000000.0,65589000000.0,,Zydus Lifesciences,,,,,,,,,,,,,,,,,,,,,,,,,,,,,,,,,,,,,,,,,,,,,,,,,,,,,
EBITDA,83941000000.0,70360000000.0,56170000000.0,34379000000.0,,Zydus Lifesciences,,,,,,,,,,,,,,,,,,,,,,,,,,,,,,,,,,,,,,,,,,,,,,,,,,,,,
EBIT,69861000000.0,61202000000.0,48529000000.0,27152000000.0,,Zydus Lifesciences,,,,,,,,,,,,,,,,,,,,,,,,,,,,,,,,,,,,,,,,,,,,,,,,,,,,,
Net Interest Income,466000000.0,859000000.0,776000000.0,-541000000.0,,Zydus Lifesciences,,,,,,,,,,,,,,,,,,,,,,,,,,,,,,,,,,,,,,,,,,,,,,,,,,,,,
Interest Expense,3650000000.0,935000000.0,440000000.0,1255000000.0,,Zydus Lifesciences,,,,,,,,,,,,,,,,,,,,,,,,,,,,,,,,,,,,,,,,,,,,,,,,,,,,,
Interest Income,4225000000.0,1852000000.0,1268000000.0,757000000.0,,Zydus Lifesciences,,,,,,,,,,,,,,,,,,,,,,,,,,,,,,,,,,,,,,,,,,,,,,,,,,,,,
Normalized Income,54270140490.25086,48226807357.26019,37519668344.11196,29439659033.864925,,Zydus Lifesciences,,,,,,,,,,,,,,,,,,,,,,,,,,,,,,,,,,,,,,,,,,,,,,,,,,,,,
Net Income From Continuing And Discontinued Operation,50400000000.0,45255000000.0,38595000000.0,19603000000.0,,Zydus Lifesciences,,,,,,,,,,,,,,,,,,,,,,,,,,,,,,,,,,,,,,,,,,,,,,,,,,,,,
Total Expenses,209331000000.0,165945000000.0,144823000000.0,140250000000.0,,Zydus Lifesciences,,,,,,,,,,,,,,,,,,,,,,,,,,,,,,,,,,,,,,,,,,,,,,,,,,,,,
Rent Expense Supplemental,514000000.0,306000000.0,261000000.0,229000000.0,,Zydus Lifesciences,,,,,,,,,,,,,,,,,,,,,,,,,,,,,,,,,,,,,,,,,,,,,,,,,,,,,
Diluted Average Shares,1006233990.0,1006233990.0,1011926837.0,1015649871.0,,Zydus Lifesciences,,,,,,,,,,,,,,,,,,,,,,,,,,,,,,,,,,,,,,,,,,,,,,,,,,,,,
Basic Average Shares,1006233990.0,1006233990.0,1011926837.0,1015649871.0,,Zydus Lifesciences,,,,,,,,,,,,,,,,,,,,,,,,,,,,,,,,,,,,,,,,,,,,,,,,,,,,,
Diluted EPS,50.09,44.97,38.14,19.3,,Zydus Lifesciences,,,,,,,,,,,,,,,,,,,,,,,,,,,,,,,,,,,,,,,,,,,,,,,,,,,,,
Basic EPS,50.09,44.97,38.14,19.3,,Zydus Lifesciences,,,,,,,,,,,,,,,,,,,,,,,,,,,,,,,,,,,,,,,,,,,,,,,,,,,,,
Diluted NI Availto Com Stockholders,50400000000.0,45255000000.0,38595000000.0,19603000000.0,,Zydus Lifesciences,,,,,,,,,,,,,,,,,,,,,,,,,,,,,,,,,,,,,,,,,,,,,,,,,,,,,
Net Income Common Stockholders,50400000000.0,45255000000.0,38595000000.0,19603000000.0,,Zydus Lifesciences,,,,,,,,,,,,,,,,,,,,,,,,,,,,,,,,,,,,,,,,,,,,,,,,,,,,,
Otherunder Preferred Stock Dividend,0.0,0.0,0.0,0.0,,Zydus Lifesciences,,,,,,,,,,,,,,,,,,,,,,,,,,,,,,,,,,,,,,,,,,,,,,,,,,,,,
Net Income,50400000000.0,45255000000.0,38595000000.0,19603000000.0,,Zydus Lifesciences,,,,,,,,,,,,,,,,,,,,,,,,,,,,,,,,,,,,,,,,,,,,,,,,,,,,,
Minority Interests,-835000000.0,-1471000000.0,-1133000000.0,-1316000000.0,,Zydus Lifesciences,,,,,,,,,,,,,,,,,,,,,,,,,,,,,,,,,,,,,,,,,,,,,,,,,,,,,
Net Income Including Noncontrolling Interests,51235000000.0,46726000000.0,39728000000.0,20919000000.0,,Zydus Lifesciences,,,,,,,,,,,,,,,,,,,,,,,,,,,,,,,,,,,,,,,,,,,,,,,,,,,,,
Net Income Discontinuous Operations,,0.0,230000000.0,-46000000.0,22457000000.0,Zydus Lifesciences,,,,,,,,,,,,,,,,,,,,,,,,,,,,,,,,,,,,,,,,,,,,,,,,,,,,,
Net Income Continuous Operations,51235000000.0,46726000000.0,39498000000.0,20965000000.0,,Zydus Lifesciences,,,,,,,,,,,,,,,,,,,,,,,,,,,,,,,,,,,,,,,,,,,,,,,,,,,,,
Tax Provision,15947000000.0,14119000000.0,9775000000.0,5878000000.0,,Zydus Lifesciences,,,,,,,,,,,,,,,,,,,,,,,,,,,,,,,,,,,,,,,,,,,,,,,,,,,,,
Pretax Income,66211000000.0,60267000000.0,48089000000.0,25897000000.0,,Zydus Lifesciences,,,,,,,,,,,,,,,,,,,,,,,,,,,,,,,,,,,,,,,,,,,,,,,,,,,,,
Other Non Operating Income Expenses,160000000.0,89000000.0,41000000.0,36000000.0,,Zydus Lifesciences,,,,,,,,,,,,,,,,,,,,,,,,,,,,,,,,,,,,,,,,,,,,,,,,,,,,,
Special Income Charges,-5773000000.0,-2517000000.0,-324000000.0,-5834000000.0,,Zydus Lifesciences,,,,,,,,,,,,,,,,,,,,,,,,,,,,,,,,,,,,,,,,,,,,,,,,,,,,,
Other Special Charges,4898000000.0,-345000000.0,8000000.0,-107000000.0,,Zydus Lifesciences,,,,,,,,,,,,,,,,,,,,,,,,,,,,,,,,,,,,,,,,,,,,,,,,,,,,,
Write Off,,150000000.0,3000000.0,21000000.0,26000000.0,Zydus Lifesciences,,,,,,,,,,,,,,,,,,,,,,,,,,,,,,,,,,,,,,,,,,,,,,,,,,,,,
Impairment Of Capital Assets,0.0,846000000.0,0.0,,0.0,Zydus Lifesciences,,,,,,,,,,,,,,,,,,,,,,,,,,,,,,,,,,,,,,,,,,,,,,,,,,,,,
Restructuring And Mergern Acquisition,875000000.0,666000000.0,316000000.0,0.0,,Zydus Lifesciences,,,,,,,,,,,,,,,,,,,,,,,,,,,,,,,,,,,,,,,,,,,,,,,,,,,,,
Net Non Operating Interest Income Expense,466000000.0,859000000.0,776000000.0,-541000000.0,,Zydus Lifesciences,,,,,,,,,,,,,,,,,,,,,,,,,,,,,,,,,,,,,,,,,,,,,,,,,,,,,
Total Other Finance Cost,109000000.0,58000000.0,52000000.0,43000000.0,,Zydus Lifesciences,,,,,,,,,,,,,,,,,,,,,,,,,,,,,,,,,,,,,,,,,,,,,,,,,,,,,
Interest Expense Non Operating,3650000000.0,935000000.0,440000000.0,1255000000.0,,Zydus Lifesciences,,,,,,,,,,,,,,,,,,,,,,,,,,,,,,,,,,,,,,,,,,,,,,,,,,,,,
Interest Income Non Operating,4225000000.0,1852000000.0,1268000000.0,757000000.0,,Zydus Lifesciences,,,,,,,,,,,,,,,,,,,,,,,,,,,,,,,,,,,,,,,,,,,,,,,,,,,,,
Operating Income,57866000000.0,59793000000.0,45392000000.0,28528000000.0,,Zydus Lifesciences,,,,,,,,,,,,,,,,,,,,,,,,,,,,,,,,,,,,,,,,,,,,,,,,,,,,,
Operating Expense,132739000000.0,99281000000.0,79819000000.0,74661000000.0,,Zydus Lifesciences,,,,,,,,,,,,,,,,,,,,,,,,,,,,,,,,,,,,,,,,,,,,,,,,,,,,,
Other Operating Expenses,32160000000.0,25641000000.0,22447000000.0,20348000000.0,,Zydus Lifesciences,,,,,,,,,,,,,,,,,,,,,,,,,,,,,,,,,,,,,,,,,,,,,,,,,,,,,
Depreciation And Amortization In Income Statement,14080000000.0,9158000000.0,7641000000.0,7227000000.0,,Zydus Lifesciences,,,,,,,,,,,,,,,,,,,,,,,,,,,,,,,,,,,,,,,,,,,,,,,,,,,,,
Amortization,5828000000.0,2261000000.0,1292000000.0,1071000000.0,,Zydus Lifesciences,,,,,,,,,,,,,,,,,,,,,,,,,,,,,,,,,,,,,,,,,,,,,,,,,,,,,
Depreciation Income Statement,8252000000.0,6897000000.0,6349000000.0,6156000000.0,,Zydus Lifesciences,,,,,,,,,,,,,,,,,,,,,,,,,,,,,,,,,,,,,,,,,,,,,,,,,,,,,
Research And Development,5879000000.0,5332000000.0,1558000000.0,1358000000.0,,Zydus Lifesciences,,,,,,,,,,,,,,,,,,,,,,,,,,,,,,,,,,,,,,,,,,,,,,,,,,,,,
Selling General And Administration,40176000000.0,28669000000.0,21756000000.0,21401000000.0,,Zydus Lifesciences,,,,,,,,,,,,,,,,,,,,,,,,,,,,,,,,,,,,,,,,,,,,,,,,,,,,,
Selling And Marketing Expense,33024000000.0,20534000000.0,16580000000.0,15572000000.0,,Zydus Lifesciences,,,,,,,,,,,,,,,,,,,,,,,,,,,,,,,,,,,,,,,,,,,,,,,,,,,,,
General And Administrative Expense,7152000000.0,8135000000.0,5176000000.0,5829000000.0,,Zydus Lifesciences,,,,,,,,,,,,,,,,,,,,,,,,,,,,,,,,,,,,,,,,,,,,,,,,,,,,,
Rent And Landing Fees,514000000.0,306000000.0,261000000.0,229000000.0,,Zydus Lifesciences,,,,,,,,,,,,,,,,,,,,,,,,,,,,,,,,,,,,,,,,,,,,,,,,,,,,,
Gross Profit,190605000000.0,159074000000.0,125211000000.0,103189000000.0,,Zydus Lifesciences,,,,,,,,,,,,,,,,,,,,,,,,,,,,,,,,,,,,,,,,,,,,,,,,,,,,,
Cost Of Revenue,76592000000.0,66664000000.0,65004000000.0,65589000000.0,,Zydus Lifesciences,,,,,,,,,,,,,,,,,,,,,,,,,,,,,,,,,,,,,,,,,,,,,,,,,,,,,
Total Revenue,267197000000.0,225738000000.0,190215000000.0,168778000000.0,,Zydus Lifesciences,,,,,,,,,,,,,,,,,,,,,,,,,,,,,,,,,,,,,,,,,,,,,,,,,,,,,
Operating Revenue,267197000000.0,225738000000.0,190215000000.0,168778000000.0,,Zydus Lifesciences,,,,,,,,,,,,,,,,,,,,,,,,,,,,,,,,,,,,,,,,,,,,,,,,,,,,,
Zydus Lifesciences Limited | Balance Sheet (As Reported),,,,,,Zydus Lifesciences,,,,,,,,,,,,,,,,,,,,,,,,,,,,,,,,,,,,,,,,,,,,,,,,,,,,,
NSEI: ZYDUSLIFE (MI KEY: 4810897; SPCIQ KEY: 865192),,,,,,Zydus Lifesciences,,,,,,,,,,,,,,,,,,,,,,,,,,,,,,,,,,,,,,,,,,,,,,,,,,,,,
Source: S&P Capital IQ - Standard,,,,,,Zydus Lifesciences,,,,,,,,,,,,,,,,,,,,,,,,,,,,,,,,,,,,,,,,,,,,,,,,,,,,,
Period Category: Fiscal,,,,,,Zydus Lifesciences,,,,,,,,,,,,,,,,,,,,,,,,,,,,,,,,,,,,,,,,,,,,,,,,,,,,,
Period Type: Years,,,,,,Zydus Lifesciences,,,,,,,,,,,,,,,,,,,,,,,,,,,,,,,,,,,,,,,,,,,,,,,,,,,,,
Sort Order: Latest on Right,,,,,,Zydus Lifesciences,,,,,,,,,,,,,,,,,,,,,,,,,,,,,,,,,,,,,,,,,,,,,,,,,,,,,
Currency: Indian Rupee (INR),,,,,,Zydus Lifesciences,,,,,,,,,,,,,,,,,,,,,,,,,,,,,,,,,,,,,,,,,,,,,,,,,,,,,
S&P Capital IQ - Standard,,,,,,Zydus Lifesciences,2014 FY,2015 FY,2016 FY,2017 FY,2018 FY,2019 FY,2020 FY,2021 FY,2022 FY,2023 FY,2024 FY,2025 FY,2026 FY,,,,,,,,,,,,,,,,,,,,,,,,,,,,,,,,,,,,,,,,
Period Ended,,,,,,Zydus Lifesciences,2014-03-31 00:00:00,2015-04-01 00:00:00,2016-03-31 00:00:00,2017-03-31 00:00:00,2018-03-31 00:00:00,2019-03-31 00:00:00,2020-03-31 00:00:00,2021-03-31 00:00:00,2022-03-31 00:00:00,2023-03-31 00:00:00,2024-03-31 00:00:00,2025-03-31 00:00:00,2026-03-31 00:00:00,,,,,,,,,,,,,,,,,,,,,,,,,,,,,,,,,,,,,,,,
Currency,,,,,,Zydus Lifesciences,INR,INR,INR,INR,INR,INR,INR,INR,INR,INR,INR,INR,INR,,,,,,,,,,,,,,,,,,,,,,,,,,,,,,,,,,,,,,,,
Units,,,,,,Zydus Lifesciences,Millions,Millions,Millions,Millions,Millions,Millions,Millions,Millions,Millions,Millions,Millions,Millions,Millions,,,,,,,,,,,,,,,,,,,,,,,,,,,,,,,,,,,,,,,,
Current Assets,,,,,,Zydus Lifesciences,,,,,,,,,,,,,,,,,,,,,,,,,,,,,,,,,,,,,,,,,,,,,,,,,,,,,
Cash and Cash Equivalents,,,,,,Zydus Lifesciences,5488,6178,6387,15435,5367,4207,8453,6652,6578,4878,4130,8268,8552,,,,,,,,,,,,,,,,,,,,,,,,,,,,,,,,,,,,,,,,
Bank Balances Other Than Cash and Cash Equivalents,,,,,,Zydus Lifesciences,,,,,7782,1282,1196,2231,4491,853,6921,21300,5614,,,,,,,,,,,,,,,,,,,,,,,,,,,,,,,,,,,,,,,,
Investments,,,,,,Zydus Lifesciences,644,1208,1991,491,2748,2299,2128,1989,23532,6193,2525,48555,57758,,,,,,,,,,,,,,,,,,,,,,,,,,,,,,,,,,,,,,,,
Trade Receivables,,,,,,Zydus Lifesciences,11337,16303,17466,22775,32063,39508,36632,31273,33403,44168,52202,40848,54157,,,,,,,,,,,,,,,,,,,,,,,,,,,,,,,,,,,,,,,,
Loans,,,,,,Zydus Lifesciences,,,,,,100,,,,4,15,771,37,,,,,,,,,,,,,,,,,,,,,,,,,,,,,,,,,,,,,,,,
Loans and Advances,,,,,,Zydus Lifesciences,2549,,,,,,,,,,,,,,,,,,,,,,,,,,,,,,,,,,,,,,,,,,,,,,,,,,,,
Inventories,,,,,,Zydus Lifesciences,13675,14175,13371,18037,23853,26880,27890,32362,37194,34133,34419,39440,56281,,,,,,,,,,,,,,,,,,,,,,,,,,,,,,,,,,,,,,,,
Other Current Assets,,,,,,Zydus Lifesciences,686,2908,3451,3362,6744,8489,8549,10309,8907,7573,7413,6794,14493,,,,,,,,,,,,,,,,,,,,,,,,,,,,,,,,,,,,,,,,
Other Current Financial Assets,,,,,,Zydus Lifesciences,,115,138,123,3448,2216,2306,2344,6847,2280,6573,4485,2169,,,,,,,,,,,,,,,,,,,,,,,,,,,,,,,,,,,,,,,,
Assets Classied as Held for Sale,,,,,,Zydus Lifesciences,,,,,292,,,,,,,,,,,,,,,,,,,,,,,,,,,,,,,,,,,,,,,,,,,,,,,,
Total Current Assets,,,,,,Zydus Lifesciences,34379,40887,42804,,,84981,87154,,120952,,,170461,199061,,,,,,,,,,,,,,,,,,,,,,,,,,,,,,,,,,,,,,,,
Noncurrent Assets,,,,,,Zydus Lifesciences,,,,,,,,,,,,,,,,,,,,,,,,,,,,,,,,,,,,,,,,,,,,,,,,,,,,,
Capital Work in Progress,,,,,,Zydus Lifesciences,8915,7767,9508,15433,15272,8372,7415,7832,6610,11302,11115,13179,11657,,,,,,,,,,,,,,,,,,,,,,,,,,,,,,,,,,,,,,,,
"Property, Plant and Equipment",,,,,,Zydus Lifesciences,21576,23416,26067,32904,38188,51059,54522,55500,57616,56965,58033,60420,92307,,,,,,,,,,,,,,,,,,,,,,,,,,,,,,,,,,,,,,,,
Investment in Joint Venture,,,,,,Zydus Lifesciences,,1248,1675,3214,3605,3484,3516,3570,3743,4166,,,,,,,,,,,,,,,,,,,,,,,,,,,,,,,,,,,,,,,,,,,
Investments Accounted for Using Equity Method,,,,,,Zydus Lifesciences,,,,,,,,,,,4162,11431,11666,,,,,,,,,,,,,,,,,,,,,,,,,,,,,,,,,,,,,,,,
Non-current Investments,,,,,,Zydus Lifesciences,222,722,496,643,1104,952,2006,2742,5605,5107,5518,4136,5975,,,,,,,,,,,,,,,,,,,,,,,,,,,,,,,,,,,,,,,,
Deferred Tax Asset-net,,,,,,Zydus Lifesciences,,963,5185,8955,9246,,8529,10744,10958,12624,16442,23438,21086,,,,,,,,,,,,,,,,,,,,,,,,,,,,,,,,,,,,,,,,
Loans,,,,,,Zydus Lifesciences,,150,,,,,,,,20,,,2,,,,,,,,,,,,,,,,,,,,,,,,,,,,,,,,,,,,,,,,
Long-term Loans and Advances,,,,,,Zydus Lifesciences,5111,,,,,,,,,,,,,,,,,,,,,,,,,,,,,,,,,,,,,,,,,,,,,,,,,,,,
Goodwill,,,,,,Zydus Lifesciences,,8950,8946,11494,13853,52890,53915,53465,53646,48044,52660,52421,75427,,,,,,,,,,,,,,,,,,,,,,,,,,,,,,,,,,,,,,,,
Intangible Assets Under Development,,,,,,Zydus Lifesciences,,,,,,,,,649,705,13118,13740,25328,,,,,,,,,,,,,,,,,,,,,,,,,,,,,,,,,,,,,,,,
Intangible Assets,,,,,,Zydus Lifesciences,9662,,,,,,,,,,,,,,,,,,,,,,,,,,,,,,,,,,,,,,,,,,,,,,,,,,,,
Other Intangible Assets,,,,,,Zydus Lifesciences,,393,2466,13153,12785,17688,13868,12363,10623,10200,12992,18496,73324,,,,,,,,,,,,,,,,,,,,,,,,,,,,,,,,,,,,,,,,
Other Non-current Assets,,,,,,Zydus Lifesciences,,2103,2267,2845,2034,2398,1575,2044,2506,2162,2133,2642,6842,,,,,,,,,,,,,,,,,,,,,,,,,,,,,,,,,,,,,,,,
Other Financial Assets,,,,,,Zydus Lifesciences,,1647,1914,2631,1529,2239,2860,2518,2446,4980,413,409,344,,,,,,,,,,,,,,,,,,,,,,,,,,,,,,,,,,,,,,,,
Other Financial Assets,,,,,,Zydus Lifesciences,,,,,,9703,,,,,,,,,,,,,,,,,,,,,,,,,,,,,,,,,,,,,,,,,,,,,,,
"Current Tax Assets, Net",,,,,,Zydus Lifesciences,,3096,4178,712,740,1065,1506,909,938,1125,1208,1244,1047,,,,,,,,,,,,,,,,,,,,,,,,,,,,,,,,,,,,,,,,
Assets Classified as Held for Sale,,,,,,Zydus Lifesciences,,,,,,,,,1662,82,816,,,,,,,,,,,,,,,,,,,,,,,,,,,,,,,,,,,,,,,,,,
Total Assets,,,,,,Zydus Lifesciences,79865,91342,105506,152207,180653,234831,236866,238847,277954,257564,292808,372017,524066,,,,,,,,,,,,,,,,,,,,,,,,,,,,,,,,,,,,,,,,
Current Liabilities,,,,,,Zydus Lifesciences,,,,,,,,,,,,,,,,,,,,,,,,,,,,,,,,,,,,,,,,,,,,,,,,,,,,,
Trade Payables,,,,,,Zydus Lifesciences,9108,10329,13081,15479,,,,,,,,,,,,,,,,,,,,,,,,,,,,,,,,,,,,,,,,,,,,,,,,,
"Due to Micro, Small and Medium Enterprises",,,,,,Zydus Lifesciences,,,,,214,121,170,228,280,377,670,974,1540,,,,,,,,,,,,,,,,,,,,,,,,,,,,,,,,,,,,,,,,
Dues to Other Than Micro and Small Enterprises,,,,,,Zydus Lifesciences,,,,,18670,19105,20273,21831,21098,20873,20597,21833,26911,,,,,,,,,,,,,,,,,,,,,,,,,,,,,,,,,,,,,,,,
Borrowings,,,,,,Zydus Lifesciences,9024,11757,12109,24769,25575,31969,38265,39740,38339,,7686,31695,85815,,,,,,,,,,,,,,,,,,,,,,,,,,,,,,,,,,,,,,,,
Lease Liabilities,,,,,,Zydus Lifesciences,,,,,,,,90,88,119,105,116,582,,,,,,,,,,,,,,,,,,,,,,,,,,,,,,,,,,,,,,,,
"Current Tax Liabilities, Net",,,,,,Zydus Lifesciences,,213,300,116,520,537,291,884,418,1568,3720,6157,3663,,,,,,,,,,,,,,,,,,,,,,,,,,,,,,,,,,,,,,,,
Short-term Provisions,,,,,,Zydus Lifesciences,2927,266,513,573,1002,1357,2432,3299,3656,3654,3948,4514,4785,,,,,,,,,,,,,,,,,,,,,,,,,,,,,,,,,,,,,,,,
Other Current Liabilities,,,,,,Zydus Lifesciences,7081,844,1014,1519,1387,1713,1771,1782,1864,2705,2780,2663,4777,,,,,,,,,,,,,,,,,,,,,,,,,,,,,,,,,,,,,,,,
Other Financial Liabilities,,,,,,Zydus Lifesciences,,6512,7593,10602,13352,18623,19492,10759,12525,14339,13891,22464,29046,,,,,,,,,,,,,,,,,,,,,,,,,,,,,,,,,,,,,,,,
Financial Liabilities,,,,,,Zydus Lifesciences,,,,,,,,,,11632,,,,,,,,,,,,,,,,,,,,,,,,,,,,,,,,,,,,,,,,,,,
Liabilities Directly Associated With Assets Classified as Held for Sale,,,,,,Zydus Lifesciences,,,,,110,,,,126,40,22,,,,,,,,,,,,,,,,,,,,,,,,,,,,,,,,,,,,,,,,,,
Total Current Liabilities,,,,,,Zydus Lifesciences,28140,29921,34610,,,73425,82694,,78394,,,90416,157119,,,,,,,,,,,,,,,,,,,,,,,,,,,,,,,,,,,,,,,,
Noncurrent Liabilities,,,,,,Zydus Lifesciences,,,,,,,,,,,,,,,,,,,,,,,,,,,,,,,,,,,,,,,,,,,,,,,,,,,,,
Long-term Borrowings,,,,,,Zydus Lifesciences,13622,11504,8964,24684,25551,39497,32146,6095,3621,,,,31880,,,,,,,,,,,,,,,,,,,,,,,,,,,,,,,,,,,,,,,,
Lease Liabilities,,,,,,Zydus Lifesciences,,,,,,,,151,161,198,251,321,6683,,,,,,,,,,,,,,,,,,,,,,,,,,,,,,,,,,,,,,,,
"Deferred Tax Liability, Net",,,,,,Zydus Lifesciences,961,1575,2009,1164,2821,2523,2099,1197,1538,1944,4465,5126,17340,,,,,,,,,,,,,,,,,,,,,,,,,,,,,,,,,,,,,,,,
Minority Interest,,,,,,Zydus Lifesciences,1443,1767,1358,1561,1910,12929,13347,19373,20542,21725,22721,24053,24708,,,,,,,,,,,,,,,,,,,,,,,,,,,,,,,,,,,,,,,,
Other Non-current Liabilities,,,,,,Zydus Lifesciences,548,,,,13,26,17,10,3,,18,9,5,,,,,,,,,,,,,,,,,,,,,,,,,,,,,,,,,,,,,,,,
Long-term Provisions,,,,,,Zydus Lifesciences,761,1064,1207,1512,1559,1841,2352,3095,3250,2718,3097,3839,4453,,,,,,,,,,,,,,,,,,,,,,,,,,,,,,,,,,,,,,,,
Other Financial Liabilities,,,,,,Zydus Lifesciences,,303,366,628,524,727,454,390,449,514,10542,8722,10764,,,,,,,,,,,,,,,,,,,,,,,,,,,,,,,,,,,,,,,,
Shareholders' Equity,,,,,,Zydus Lifesciences,,,,,,,,,,,,,,,,,,,,,,,,,,,,,,,,,,,,,,,,,,,,,,,,,,,,,
Common Stock - Par Value,,,,,,Zydus Lifesciences,1024,1024,1024,1024,1024,1024,1024,1024,1024,1012,1006,1006,1006,,,,,,,,,,,,,,,,,,,,,,,,,,,,,,,,,,,,,,,,
Reserves & Surplus,,,,,,Zydus Lifesciences,33366,,,,,,,,,,,,,,,,,,,,,,,,,,,,,,,,,,,,,,,,,,,,,,,,,,,,
Other Equity,,,,,,Zydus Lifesciences,,44184,55968,68576,86421,102839,102733,128899,168972,174146,197289,238525,270108,,,,,,,,,,,,,,,,,,,,,,,,,,,,,,,,,,,,,,,,
Total Shareholders Equity,,,,,,Zydus Lifesciences,34390,45208,56992,69600,87445,103863,103757,129923,169996,175158,198295,239531,271114,,,,,,,,,,,,,,,,,,,,,,,,,,,,,,,,,,,,,,,,
Total Liabilities & Shareholders Equity,,,,,,Zydus Lifesciences,79865,91342,105506,152207,180653,234831,236866,238847,277954,257564,292808,372017,524066,,,,,,,,,,,,,,,,,,,,,,,,,,,,,,,,,,,,,,,,
"Data shown on this page is extracted directly from the company’s documents. S&P Global Market Intelligence makes every effort to line up fields, captions and headers that represent the same data over time, despite variations in how the company may report these items in different documents. In certain instances the variation in the company’s presentation over time may be too significant, potentially resulting in repeating and/or disordered items. Despite possible issues with the presentation, S&P Global Market Intelligence, as always, stands by its commitment to the quality of the data.",,,,,,Zydus Lifesciences,,,,,,,,,,,,,,,,,,,,,,,,,,,,,,,,,,,,,,,,,,,,,,,,,,,,,
Zydus Lifesciences Limited | Cash Flow (As Reported),,,,,,Zydus Lifesciences,,,,,,,,,,,,,,,,,,,,,,,,,,,,,,,,,,,,,,,,,,,,,,,,,,,,,
Period Ended,,,,,,Zydus Lifesciences,2014-03-31 00:00:00,2015-03-31 00:00:00,2016-03-31 00:00:00,2017-03-31 00:00:00,2018-03-31 00:00:00,2019-03-31 00:00:00,2020-03-31 00:00:00,2021-03-31 00:00:00,2022-03-31 00:00:00,2023-03-31 00:00:00,2024-03-31 00:00:00,2025-03-31 00:00:00,2026-03-31 00:00:00,,,,,,,,,,,,,,,,,,,,,,,,,,,,,,,,,,,,,,,,
Operating Activities,,,,,,Zydus Lifesciences,,,,,,,,,,,,,,,,,,,,,,,,,,,,,,,,,,,,,,,,,,,,,,,,,,,,,
Profit before Tax from Continuing Operations,,,,,,Zydus Lifesciences,9422,14455,20987,16146,23308,23821,14954,23992,28381,25897,48089,,,,,,,,,,,,,,,,,,,,,,,,,,,,,,,,,,,,,,,,,,
Prot before tax and share of Prot of joint ventures,,,,,,Zydus Lifesciences,,,,,,,,,,,,60267,66211,,,,,,,,,,,,,,,,,,,,,,,,,,,,,,,,,,,,,,,,
"Depreciation, Amortization and Impairment Expense",,,,,,Zydus Lifesciences,2012,2873,2921,3750,5405,5986,6965,7248,7361,7227,7641,9158,14080,,,,,,,,,,,,,,,,,,,,,,,,,,,,,,,,,,,,,,,,
"Net Gain/loss on Disposal of Property, Plant and Equipment",,,,,,Zydus Lifesciences,37,2,10,8,23,77,147,36,17,-208,-134,-345,-23,,,,,,,,,,,,,,,,,,,,,,,,,,,,,,,,,,,,,,,,
Exceptional Items - Profit on Sale of Brands (net),,,,,,Zydus Lifesciences,,,,,,,,,-1127,,,,,,,,,,,,,,,,,,,,,,,,,,,,,,,,,,,,,,,,,,,,
"Profit on Sale of Investments, Net",,,,,,Zydus Lifesciences,,,-139,-61,-116,,,,,,,,,,,,,,,,,,,,,,,,,,,,,,,,,,,,,,,,,,,,,,,,
Fvtpl Gain/profit on Sale of Investments (net),,,,,,Zydus Lifesciences,,,,,,-1128,-261,-89,-751,-483,-409,-650,-292,,,,,,,,,,,,,,,,,,,,,,,,,,,,,,,,,,,,,,,,
Gain on Valuation of Forward Contract Value Related to Investment in a Joint,,,,,,Zydus Lifesciences,,,,,,-266,,,,,,,,,,,,,,,,,,,,,,,,,,,,,,,,,,,,,,,,,,,,,,,
Bad Debt Written off,,,,,,Zydus Lifesciences,43,54,8,7,10,39,14,13,26,1,3,6,120,,,,,,,,,,,,,,,,,,,,,,,,,,,,,,,,,,,,,,,,
Provision for Doubtful Debts (net of Written Back),,,,,,Zydus Lifesciences,-30,-1,12,59,62,-12,26,101,15,16,203,293,205,,,,,,,,,,,,,,,,,,,,,,,,,,,,,,,,,,,,,,,,
Foreign Currency Monetary Items Translation Difference Account Written Off,,,,,,Zydus Lifesciences,325,-467,-137,116,-90,78,4,,,,,,,,,,,,,,,,,,,,,,,,,,,,,,,,,,,,,,,,,,,,,,
Interest Expenses (including Effect of Foreign Exchange Movement Borrowings),,,,,,Zydus Lifesciences,,,,,1468,,,,,,,,,,,,,,,,,,,,,,,,,,,,,,,,,,,,,,,,,,,,,,,,
Exchange rate fluctuation and other related adjustments arising on Consolidation,,,,,,Zydus Lifesciences,-1460,142,-670,33,-218,-1252,98,-654,-2964,-3121,-883,-1379,-17533,,,,,,,,,,,,,,,,,,,,,,,,,,,,,,,,,,,,,,,,
Discontinued Operations,,,,,,Zydus Lifesciences,,,,,-188,,,-1144,23942,-70,292,,,,,,,,,,,,,,,,,,,,,,,,,,,,,,,,,,,,,,,,,,
Profit before Tax from Discontinued Operations,,,,,,Zydus Lifesciences,,,,-27,,,,,,,,,,,,,,,,,,,,,,,,,,,,,,,,,,,,,,,,,,,,,,,,,
Provision for Impairment of Discontinued Operations,,,,,,Zydus Lifesciences,,,,,,,,,2084,,,,,,,,,,,,,,,,,,,,,,,,,,,,,,,,,,,,,,,,,,,,
Gain on Disposal of Discontinued Operations (net of Transaction Cost),,,,,,Zydus Lifesciences,,,,,,,,,-26806,,,,,,,,,,,,,,,,,,,,,,,,,,,,,,,,,,,,,,,,,,,,
Changes in Minority Interests,,,,,,Zydus Lifesciences,250,246,,,,,,,,,,,,,,,,,,,,,,,,,,,,,,,,,,,,,,,,,,,,,,,,,,,
Long-term Advances,,,,,,Zydus Lifesciences,-48,46,,,,,,,,,,,,,,,,,,,,,,,,,,,,,,,,,,,,,,,,,,,,,,,,,,,
Other Long-term Liabilities,,,,,,Zydus Lifesciences,78,-127,-409,203,349,,,,,,,,,,,,,,,,,,,,,,,,,,,,,,,,,,,,,,,,,,,,,,,,
Exceptional Items,,,,,,Zydus Lifesciences,,,,,,,,,,6042,142,,,,,,,,,,,,,,,,,,,,,,,,,,,,,,,,,,,,,,,,,,
Interest Expense,,,,,,Zydus Lifesciences,832,622,410,,,,3236,1559,1144,1255,756,935,3650,,,,,,,,,,,,,,,,,,,,,,,,,,,,,,,,,,,,,,,,
Interest Incomes,,,,,,Zydus Lifesciences,-384,-409,-627,-573,-494,-530,-325,-495,-688,-757,-1268,-1852,-4225,,,,,,,,,,,,,,,,,,,,,,,,,,,,,,,,,,,,,,,,
Provision for Employee Benefits,,,,,,Zydus Lifesciences,114,365,151,152,-98,395,436,541,327,-298,207,,,,,,,,,,,,,,,,,,,,,,,,,,,,,,,,,,,,,,,,,,
Dividend Income,,,,,,Zydus Lifesciences,-4,-4,-3,-5,-6,-6,-5,-5,-8,-11,-13,-10,-12,,,,,,,,,,,,,,,,,,,,,,,,,,,,,,,,,,,,,,,,
Provision for Doubtful Advances Written Back,,,,,,Zydus Lifesciences,1,-10,,,,,,,,,,,,,,,,,,,,,,,,,,,,,,,,,,,,,,,,,,,,,,,,,,,
Doubtful Advances Written Off,,,,,,Zydus Lifesciences,2,,,,,6,50,5,,20,,144,,,,,,,,,,,,,,,,,,,,,,,,,,,,,,,,,,,,,,,,,
Provision for Claims for Product Warranties and Return of Goods,,,,,,Zydus Lifesciences,67,-48,,1,432,184,,,,,,,,,,,,,,,,,,,,,,,,,,,,,,,,,,,,,,,,,,,,,,,
Provision for Employees' Bene Ts,,,,,,Zydus Lifesciences,,,,,,,,,,,,167,-540,,,,,,,,,,,,,,,,,,,,,,,,,,,,,,,,,,,,,,,,
Hedge Reserve (net of Liability),,,,,,Zydus Lifesciences,-20,,,,,,,,,,,,,,,,,,,,,,,,,,,,,,,,,,,,,,,,,,,,,,,,,,,,
Doubtful Advances Written,,,,,,Zydus Lifesciences,,1,,,,,,,,,,,,,,,,,,,,,,,,,,,,,,,,,,,,,,,,,,,,,,,,,,,
Provisions for Probable Product Expiry Claims and Return of Goods (net of Written Back),,,,,,Zydus Lifesciences,,,11,,,,1015,920,397,-229,170,,,,,,,,,,,,,,,,,,,,,,,,,,,,,,,,,,,,,,,,,,
Gain on Valuation of Forward Contract Value Related to Investment,,,,,,Zydus Lifesciences,,,,-567,-470,,,,,,,,,,,,,,,,,,,,,,,,,,,,,,,,,,,,,,,,,,,,,,,,
Interest Expenses (including Effect of Foreign Exchange Movement in Borrowing),,,,,,Zydus Lifesciences,,,,568,,1905,,,,,,,,,,,,,,,,,,,,,,,,,,,,,,,,,,,,,,,,,,,,,,,
Provision for Doubtful Advances (net of Written Back),,,,,,Zydus Lifesciences,,,,-2,27,-7,176,123,-76,-2,28,21,27,,,,,,,,,,,,,,,,,,,,,,,,,,,,,,,,,,,,,,,,
Exceptional Items - Other Than Above,,,,,,Zydus Lifesciences,,,,,,,3636,731,,,,,,,,,,,,,,,,,,,,,,,,,,,,,,,,,,,,,,,,,,,,,
Gain/loss on Valuation of Forward Contract Value Related to Investment in a Joint Venture,,,,,,Zydus Lifesciences,,,-256,,,,-464,276,-123,-113,-976,,,,,,,,,,,,,,,,,,,,,,,,,,,,,,,,,,,,,,,,,,
Exceptional Items - Premium Paid on Purchase of the Ncds,,,,,,Zydus Lifesciences,,,,,,,,1320,,,,,,,,,,,,,,,,,,,,,,,,,,,,,,,,,,,,,,,,,,,,,
Loss on valuation of Forward Contract value related to investment in a Joint Venture,,,,,,Zydus Lifesciences,,,,,,,,,,,,60,,,,,,,,,,,,,,,,,,,,,,,,,,,,,,,,,,,,,,,,,
Change in financial liability related to Contingent Consideration,,,,,,Zydus Lifesciences,,,,,,,,,,,,666,630,,,,,,,,,,,,,,,,,,,,,,,,,,,,,,,,,,,,,,,,
Net gain/loss on Fair Valuation of Swap Contract,,,,,,Zydus Lifesciences,,,,,,,,,,,,191,-383,,,,,,,,,,,,,,,,,,,,,,,,,,,,,,,,,,,,,,,,
Provision for Claims for product expiry and return of goods Net of written back,,,,,,Zydus Lifesciences,,,,,,,,,,,,603,549,,,,,,,,,,,,,,,,,,,,,,,,,,,,,,,,,,,,,,,,
Exceptional items - One time impact of New Labor Codes,,,,,,Zydus Lifesciences,,,,,,,,,,,,2196,849,,,,,,,,,,,,,,,,,,,,,,,,,,,,,,,,,,,,,,,,
Trade Receivables,,,,,,Zydus Lifesciences,-1762,-4506,-1110,-5051,-9690,-6428,5636,4313,-1817,-8485,-7472,11957,-8581,,,,,,,,,,,,,,,,,,,,,,,,,,,,,,,,,,,,,,,,
Inventories,,,,,,Zydus Lifesciences,-1540,-1682,804,-4666,-5924,-1004,-15,-4797,-5255,4407,-20,-4449,-4124,,,,,,,,,,,,,,,,,,,,,,,,,,,,,,,,,,,,,,,,
Trade Payables,,,,,,Zydus Lifesciences,2948,1805,2578,2337,3164,-2259,-1162,1709,-1203,-1708,-476,735,-7951,,,,,,,,,,,,,,,,,,,,,,,,,,,,,,,,,,,,,,,,
Direct Taxes Paid (net of Refunds),,,,,,Zydus Lifesciences,-1728,-3869,-6460,-2376,-6023,-6754,-3025,-3450,-6746,-5920,-12858,-18019,-15910,,,,,,,,,,,,,,,,,,,,,,,,,,,,,,,,,,,,,,,,
Other Liabilities,,,,,,Zydus Lifesciences,,,1091,3071,2911,238,-2315,1442,1947,1969,355,5362,-963,,,,,,,,,,,,,,,,,,,,,,,,,,,,,,,,,,,,,,,,
Other Current Assets,,,,,,Zydus Lifesciences,8,-26,,,,,,,,,,,,,,,,,,,,,,,,,,,,,,,,,,,,,,,,,,,,,,,,,,,
Other Current Liabilities,,,,,,Zydus Lifesciences,32,337,,,,,,,,,,,,,,,,,,,,,,,,,,,,,,,,,,,,,,,,,,,,,,,,,,,
Other Assets,,,,,,Zydus Lifesciences,,,-237,-6,-4649,-264,494,-756,2968,1459,-1414,1754,-4618,,,,,,,,,,,,,,,,,,,,,,,,,,,,,,,,,,,,,,,,
Short-term Advance,,,,,,Zydus Lifesciences,-167,137,,,,,,,,,,,,,,,,,,,,,,,,,,,,,,,,,,,,,,,,,,,,,,,,,,,
Cash Flow from Operating Activities,,,,,,Zydus Lifesciences,9028,9936,18935,13117,9193,12819,29315,32939,21045,26888,31963,67811,21166,,,,,,,,,,,,,,,,,,,,,,,,,,,,,,,,,,,,,,,,
Investing Activities,,,,,,Zydus Lifesciences,,,,,,,,,,,,,,,,,,,,,,,,,,,,,,,,,,,,,,,,,,,,,,,,,,,,,
"Purchase of Property Plant, and Equipment",,,,,,Zydus Lifesciences,-4840,-5125,-9625,-29397,-10493,-10574,,,,,,,,,,,,,,,,,,,,,,,,,,,,,,,,,,,,,,,,,,,,,,,
"Purchase of Property, Plant and Equipment and Intangible Assets",,,,,,Zydus Lifesciences,,,,,,,-9041,-8540,-12026,-10309,-9066,-16937,-26715,,,,,,,,,,,,,,,,,,,,,,,,,,,,,,,,,,,,,,,,
Payments for Asset Acquisitions,,,,,,Zydus Lifesciences,,,,,,,,,,,,,-7225,,,,,,,,,,,,,,,,,,,,,,,,,,,,,,,,,,,,,,,,
"Proceeds From Sale of Property, Plant & Equipment",,,,,,Zydus Lifesciences,106,170,54,47,140,110,,,,,,,,,,,,,,,,,,,,,,,,,,,,,,,,,,,,,,,,,,,,,,,
"Proceeds from Sales of Property, Plant, and Equipment and Intangible Assets",,,,,,Zydus Lifesciences,,,,,,,153,70,354,394,237,,,,,,,,,,,,,,,,,,,,,,,,,,,,,,,,,,,,,,,,,,
"Proceeds from Disposal of Property, Plant and Equipment and Intangible Assets",,,,,,Zydus Lifesciences,,,,,,,,,,,,514,249,,,,,,,,,,,,,,,,,,,,,,,,,,,,,,,,,,,,,,,,
Payments for Acquisition of Businesses,,,,,,Zydus Lifesciences,,,,,,,,,,,-7201,-3690,-58793,,,,,,,,,,,,,,,,,,,,,,,,,,,,,,,,,,,,,,,,
Purchase of Non-current Investments in Subsidiaries,,,,,,Zydus Lifesciences,,,,,,,-1850,,,,,,,,,,,,,,,,,,,,,,,,,,,,,,,,,,,,,,,,,,,,,,
Proceeds from Sale of Interest in a Subsidiary,,,,,,Zydus Lifesciences,,,,,,,,1035,,,,,,,,,,,,,,,,,,,,,,,,,,,,,,,,,,,,,,,,,,,,,
Proceeds from Stake Dilution in a Subsidiary,,,,,,Zydus Lifesciences,,,,,,15000,,,,,,,,,,,,,,,,,,,,,,,,,,,,,,,,,,,,,,,,,,,,,,,
Proceeds from redemption of Non-Current investments - subsidiaries,,,,,,Zydus Lifesciences,,,,,,,,,,400,,,,,,,,,,,,,,,,,,,,,,,,,,,,,,,,,,,,,,,,,,,
Proceeds from Sale of Brands (net),,,,,,Zydus Lifesciences,,,,,,,,,1127,,,,,,,,,,,,,,,,,,,,,,,,,,,,,,,,,,,,,,,,,,,,
Purchase/sale of Marketable Securities,,,,,,Zydus Lifesciences,,,,,,,,,-5134,,,,,,,,,,,,,,,,,,,,,,,,,,,,,,,,,,,,,,,,,,,,
Proceeds from Current Investment,,,,,,Zydus Lifesciences,,,156,53,116,,,,,,,,,,,,,,,,,,,,,,,,,,,,,,,,,,,,,,,,,,,,,,,,
(Purchase) of Current Investments (net),,,,,,Zydus Lifesciences,,,,,,,,,,,,-45380,-8832,,,,,,,,,,,,,,,,,,,,,,,,,,,,,,,,,,,,,,,,
Fvtpl Gain/profit (net) on Sale of Investments Which are Considered as Part of Cash and Cash Equivalents,,,,,,Zydus Lifesciences,,,,,,464,256,89,,,,,,,,,,,,,,,,,,,,,,,,,,,,,,,,,,,,,,,,,,,,,
Investment in Liquid Mutual Funds (net),,,,,,Zydus Lifesciences,,,,,,,,,-20792,17822,,,,,,,,,,,,,,,,,,,,,,,,,,,,,,,,,,,,,,,,,,,
Bank balances (including fixed deposits) not Considered as Cash and Cash equivalents (Net),,,,,,Zydus Lifesciences,,,,,,,,,,1136,,,,,,,,,,,,,,,,,,,,,,,,,,,,,,,,,,,,,,,,,,,
Investments in deposits other than banks (Net),,,,,,Zydus Lifesciences,,,,,,,,,,5134,,,,,,,,,,,,,,,,,,,,,,,,,,,,,,,,,,,,,,,,,,,
(Investments in)/redemption of Current investments (Net),,,,,,Zydus Lifesciences,,,,,,,,,,,4077,,,,,,,,,,,,,,,,,,,,,,,,,,,,,,,,,,,,,,,,,,
Change in Bank balances (including fixed deposits) not Considered as Cash and Cash equivalents,,,,,,Zydus Lifesciences,,,,,,,,,,,-3578,,,,,,,,,,,,,,,,,,,,,,,,,,,,,,,,,,,,,,,,,,
Proceeds from Sale of Investment in a Joint Venture,,,,,,Zydus Lifesciences,,,,,,,,,,,,185,,,,,,,,,,,,,,,,,,,,,,,,,,,,,,,,,,,,,,,,,
Payment for acquisition of joint Control,,,,,,Zydus Lifesciences,,,,,,,,,,,,-6708,,,,,,,,,,,,,,,,,,,,,,,,,,,,,,,,,,,,,,,,,
Purchase of Investments,,,,,,Zydus Lifesciences,-10,-115,,,,,,,,,,,,,,,,,,,,,,,,,,,,,,,,,,,,,,,,,,,,,,,,,,,
Proceeds from Sale of Non-current Investments,,,,,,Zydus Lifesciences,,,,,,890,29,12,,,,1260,1120,,,,,,,,,,,,,,,,,,,,,,,,,,,,,,,,,,,,,,,,
Proceeds from Sale of Investment,,,,,,Zydus Lifesciences,,5,,,,,,,,,,,,,,,,,,,,,,,,,,,,,,,,,,,,,,,,,,,,,,,,,,,
Purchase of Non-current Investments,,,,,,Zydus Lifesciences,,,,,,,,,,,-1067,-425,-3452,,,,,,,,,,,,,,,,,,,,,,,,,,,,,,,,,,,,,,,,
Investment in Fixed Deposits (net),,,,,,Zydus Lifesciences,,,,,,,,,-4,,,,,,,,,,,,,,,,,,,,,,,,,,,,,,,,,,,,,,,,,,,,
Purchase of Non-current Investments in Others,,,,,,Zydus Lifesciences,,,,,,-48813,,,,,,,,,,,,,,,,,,,,,,,,,,,,,,,,,,,,,,,,,,,,,,,
Purchase of Non-current Investments - Other Than Subsidiaries,,,,,,Zydus Lifesciences,,,,,,,,-400,-2703,-104,,,,,,,,,,,,,,,,,,,,,,,,,,,,,,,,,,,,,,,,,,,
Proceeds from Redemption of Non-Convertible Debentures,,,,,,Zydus Lifesciences,,,,,,,,,,,550,900,,,,,,,,,,,,,,,,,,,,,,,,,,,,,,,,,,,,,,,,,
Proceeds from sale of Non-Current investments - other than subsidiaries,,,,,,Zydus Lifesciences,,,,,,,,,,125,,,,,,,,,,,,,,,,,,,,,,,,,,,,,,,,,,,,,,,,,,,
Loans to Others,,,,,,Zydus Lifesciences,,,,,,,,,,-24,9,,,,,,,,,,,,,,,,,,,,,,,,,,,,,,,,,,,,,,,,,,
Loans to Others (net),,,,,,Zydus Lifesciences,,,,,,,,,,,,-756,732,,,,,,,,,,,,,,,,,,,,,,,,,,,,,,,,,,,,,,,,
Repayment of Loans By a Joint Venture Company,,,,,,Zydus Lifesciences,,,150,,,,,,,,,,,,,,,,,,,,,,,,,,,,,,,,,,,,,,,,,,,,,,,,,,
Change in Bank balances (including xed deposits) not Considered as Cash and Cash equivalents,,,,,,Zydus Lifesciences,,,,,,,,,,,,-14366,15671,,,,,,,,,,,,,,,,,,,,,,,,,,,,,,,,,,,,,,,,
Proceeds from Disposal of Disposal Group Constituting the Discontinued Operations (net),,,,,,Zydus Lifesciences,,,,,,,,,28585,,,,,,,,,,,,,,,,,,,,,,,,,,,,,,,,,,,,,,,,,,,,
Dividends Received,,,,,,Zydus Lifesciences,4,4,3,5,6,6,5,5,8,11,13,10,12,,,,,,,,,,,,,,,,,,,,,,,,,,,,,,,,,,,,,,,,
Interest Received,,,,,,Zydus Lifesciences,360,414,627,573,494,530,325,483,582,765,1274,1815,4272,,,,,,,,,,,,,,,,,,,,,,,,,,,,,,,,,,,,,,,,
Cash Flow from Investing Activities,,,,,,Zydus Lifesciences,-4380,-4647,-8635,-28719,-9737,-42387,-10123,-7246,-10003,15350,-14752,-83578,-82961,,,,,,,,,,,,,,,,,,,,,,,,,,,,,,,,,,,,,,,,
Financing Activities,,,,,,Zydus Lifesciences,,,,,,,,,,,,,,,,,,,,,,,,,,,,,,,,,,,,,,,,,,,,,,,,,,,,,
Repayment of long-term borrowings,,,,,,Zydus Lifesciences,-4209,-8998,-4684,-6447,-2646,-2646,-7855,-25683,-14208,-9960,-827,,-9679,,,,,,,,,,,,,,,,,,,,,,,,,,,,,,,,,,,,,,,,
Proceeds from Long-terms Borrowings,,,,,,Zydus Lifesciences,5524,5696,2317,21439,3655,20727,,,7464,1552,,,70710,,,,,,,,,,,,,,,,,,,,,,,,,,,,,,,,,,,,,,,,
"Short-term Borrowings, Net",,,,,,Zydus Lifesciences,-3547,2811,352,12660,565,5874,4366,-6424,2907,-23064,-3102,24020,11892,,,,,,,,,,,,,,,,,,,,,,,,,,,,,,,,,,,,,,,,
Lease Liabilities - Net,,,,,,Zydus Lifesciences,,,,,,,,-61,-13,33,14,-147,-255,,,,,,,,,,,,,,,,,,,,,,,,,,,,,,,,,,,,,,,,
Buyback of equity shares (including tax and transaction Cost),,,,,,Zydus Lifesciences,,,,,,,,,,-8632,-7250,,,,,,,,,,,,,,,,,,,,,,,,,,,,,,,,,,,,,,,,,,
Dividends Paid,,,,,,Zydus Lifesciences,-1533,-1839,-5724,-3271,,-3583,-7147,-15,-3722,-2671,-6210,-3025,-11063,,,,,,,,,,,,,,,,,,,,,,,,,,,,,,,,,,,,,,,,
Proceeds from Issuance of Share Capital By a Subsidiary to Non-controlling Interests,,,,,,Zydus Lifesciences,,,,,,,,9866,,,,,,,,,,,,,,,,,,,,,,,,,,,,,,,,,,,,,,,,,,,,,
Tax on Dividend Paid,,,,,,Zydus Lifesciences,-659,-510,-1167,-667,-10,-731,-1403,,,,,,,,,,,,,,,,,,,,,,,,,,,,,,,,,,,,,,,,,,,,,,
Premium Paid on Purchase of the Ncds,,,,,,Zydus Lifesciences,,,,,,,,-1320,,,,,,,,,,,,,,,,,,,,,,,,,,,,,,,,,,,,,,,,,,,,,
Interest Paid,,,,,,Zydus Lifesciences,-863,-671,-442,-556,-1049,-795,-3243,-1840,-1111,-1262,-413,-895,-3536,,,,,,,,,,,,,,,,,,,,,,,,,,,,,,,,,,,,,,,,
Cash Flow from Financing Activities,,,,,,Zydus Lifesciences,-5287,-3511,-9348,23158,515,18846,-15282,-25477,-8683,-44004,-17788,19953,58069,,,,,,,,,,,,,,,,,,,,,,,,,,,,,,,,,,,,,,,,
Other Adjustments,,,,,,Zydus Lifesciences,,,,,,,,,,,,,,,,,,,,,,,,,,,,,,,,,,,,,,,,,,,,,,,,,,,,,
Cash Flow Net Changes in Cash,,,,,,Zydus Lifesciences,-639,1778,991,7556,-29,-8109,3989,-905,2186,-1700,-748,4138,284,,,,,,,,,,,,,,,,,,,,,,,,,,,,,,,,,,,,,,,,
Effect of Foreign Exchange Rate Changes on Cash and Cash Equivalents,,,,,,Zydus Lifesciences,,,39,,,,79,-42,86,66,-231,-214,2108,,,,,,,,,,,,,,,,,,,,,,,,,,,,,,,,,,,,,,,,
Cash and Cash Equivalents Acquired Under Scheme of Amalgamation,,,,,,Zydus Lifesciences,,,,,,2613,,-1079,-259,,60,166,1902,,,,,,,,,,,,,,,,,,,,,,,,,,,,,,,,,,,,,,,,
Period Type: YTD,,,,,,Zydus Lifesciences,,,,,,,,,,,,,,,,,,,,,,,,,,,,,,,,,,,,,,,,,,,,,,,,,,,,,
S&P Capital IQ - Standard,,,,,,Zydus Lifesciences,2019 FQ2 YTD,2020 FQ2 YTD,2021 FQ2 YTD,2022 FQ2 YTD,2023 FQ2 YTD,2024 FQ2 YTD,2025 FQ2 YTD,2026 FQ2 YTD,,,,,,,,,,,,,,,,,,,,,,,,,,,,,,,,,,,,,,,,,,,,,
Period Ended,,,,,,Zydus Lifesciences,2018-09-30 00:00:00,2019-09-30 00:00:00,2020-09-30 00:00:00,2021-09-30 00:00:00,2022-09-30 00:00:00,2023-09-30 00:00:00,2024-09-30 00:00:00,2025-09-30 00:00:00,,,,,,,,,,,,,,,,,,,,,,,,,,,,,,,,,,,,,,,,,,,,,
Currency,,,,,,Zydus Lifesciences,INR,INR,INR,INR,INR,INR,INR,INR,,,,,,,,,,,,,,,,,,,,,,,,,,,,,,,,,,,,,,,,,,,,,
Units,,,,,,Zydus Lifesciences,Millions,Millions,Millions,Millions,Millions,Millions,Millions,Millions,,,,,,,,,,,,,,,,,,,,,,,,,,,,,,,,,,,,,,,,,,,,,
Profit before Tax and Share of Profit/(toss) of Joint Ventures,,,,,,Zydus Lifesciences,11045,5163,10620,16610,13238,23364,31706,36080,,,,,,,,,,,,,,,,,,,,,,,,,,,,,,,,,,,,,,,,,,,,,
"Depreciation, Amortization and Impairment Expense",,,,,,Zydus Lifesciences,2893,,3474,3675,3625,3640,4489,5400,,,,,,,,,,,,,,,,,,,,,,,,,,,,,,,,,,,,,,,,,,,,,
"Gain/loss on Disposal of Property, Plant and Equipment-net",,,,,,Zydus Lifesciences,,,,,,,-387,26,,,,,,,,,,,,,,,,,,,,,,,,,,,,,,,,,,,,,,,,,,,,,
"Net Gain on Disposal of Property, Plant, and Equipment",,,,,,Zydus Lifesciences,30,,33,19,19,-137,,,,,,,,,,,,,,,,,,,,,,,,,,,,,,,,,,,,,,,,,,,,,,,
Exceptional Items - Profit on Sale of Brands (net),,,,,,Zydus Lifesciences,,,,-1127,,,,,,,,,,,,,,,,,,,,,,,,,,,,,,,,,,,,,,,,,,,,,,,,,
Fvtpl Gain/profit on Sale of Investments (net),,,,,,Zydus Lifesciences,-874,,-57,-247,-322,-184,-332,-582,,,,,,,,,,,,,,,,,,,,,,,,,,,,,,,,,,,,,,,,,,,,,
Bad Debt Written off,,,,,,Zydus Lifesciences,7,,44,4,27,,,,,,,,,,,,,,,,,,,,,,,,,,,,,,,,,,,,,,,,,,,,,,,,
"Expected Credit Loss on Trade Receivables, Net",,,,,,Zydus Lifesciences,,,29,9,-24,63,209,327,,,,,,,,,,,,,,,,,,,,,,,,,,,,,,,,,,,,,,,,,,,,,
Exchange Rate Fluctuation and Other Adjustments Arising on Consolidation,,,,,,Zydus Lifesciences,-2607,,-4811,-172,,,,,,,,,,,,,,,,,,,,,,,,,,,,,,,,,,,,,,,,,,,,,,,,,
Foreign Currency Monetary Items Translation Difference Account Written Off,,,,,,Zydus Lifesciences,36,,,,-2480,-967,,,,,,,,,,,,,,,,,,,,,,,,,,,,,,,,,,,,,,,,,,,,,,,
Interest Expenses (including Effect of Foreign Exchange Movement in Borrowing),,,,,,Zydus Lifesciences,672,,,,,,,,,,,,,,,,,,,,,,,,,,,,,,,,,,,,,,,,,,,,,,,,,,,,
Exchange rate fluctuation and other related adjustments arising on Consolidation,,,,,,Zydus Lifesciences,,,,,,,447,-7308,,,,,,,,,,,,,,,,,,,,,,,,,,,,,,,,,,,,,,,,,,,,,
"Income Taxes Paid, Net of Refunds",,,,,,Zydus Lifesciences,,,,,,,-7548,-10252,,,,,,,,,,,,,,,,,,,,,,,,,,,,,,,,,,,,,,,,,,,,,
Direct Taxes Paid (net of Refunds),,,,,,Zydus Lifesciences,-2368,,-1129,-3517,-2092,-5633,,,,,,,,,,,,,,,,,,,,,,,,,,,,,,,,,,,,,,,,,,,,,,,
Discontinued Operations,,,,,,Zydus Lifesciences,,,656,24118,-50,-26,4,,,,,,,,,,,,,,,,,,,,,,,,,,,,,,,,,,,,,,,,,,,,,,
Profit from Disposal of Disposal Group Constituting the Discontinued Operations (net),,,,,,Zydus Lifesciences,,,,-26806,,,,,,,,,,,,,,,,,,,,,,,,,,,,,,,,,,,,,,,,,,,,,,,,,
Exceptional Items,,,,,,Zydus Lifesciences,,,1320,,29,142,,,,,,,,,,,,,,,,,,,,,,,,,,,,,,,,,,,,,,,,,,,,,,,
Interest Expense,,,,,,Zydus Lifesciences,,,1160,547,667,240,547,1818,,,,,,,,,,,,,,,,,,,,,,,,,,,,,,,,,,,,,,,,,,,,,
Interest Incomes,,,,,,Zydus Lifesciences,-312,,-276,-233,-456,-470,-600,-2226,,,,,,,,,,,,,,,,,,,,,,,,,,,,,,,,,,,,,,,,,,,,,
Change in Non-controlling Interest,,,,,,Zydus Lifesciences,45,,,,,,,,,,,,,,,,,,,,,,,,,,,,,,,,,,,,,,,,,,,,,,,,,,,,
Provision for Employee Benefits,,,,,,Zydus Lifesciences,-58,,214,53,-718,309,225,325,,,,,,,,,,,,,,,,,,,,,,,,,,,,,,,,,,,,,,,,,,,,,
Other Provisions,,,,,,Zydus Lifesciences,169,,,,,,,,,,,,,,,,,,,,,,,,,,,,,,,,,,,,,,,,,,,,,,,,,,,,
Dividend Income,,,,,,Zydus Lifesciences,-4,,-5,-5,-10,-12,-10,-12,,,,,,,,,,,,,,,,,,,,,,,,,,,,,,,,,,,,,,,,,,,,,
Operating Profit before Working Capital Changes,,,,,,Zydus Lifesciences,,13522,,,,,,,,,,,,,,,,,,,,,,,,,,,,,,,,,,,,,,,,,,,,,,,,,,,
CIQ Balancing Calc. - Operating Activities,,,,,,Zydus Lifesciences,,-4451,,,,,,,,,,,,,,,,,,,,,,,,,,,,,,,,,,,,,,,,,,,,,,,,,,,
Doubtful Advances Written Off,,,,,,Zydus Lifesciences,1,,15,,,,,,,,,,,,,,,,,,,,,,,,,,,,,,,,,,,,,,,,,,,,,,,,,,
Provisions for Probable Product Expiry Claims and Return of Goods (net of Written Back),,,,,,Zydus Lifesciences,,,423,,-103,73,1171,90,,,,,,,,,,,,,,,,,,,,,,,,,,,,,,,,,,,,,,,,,,,,,
Allowance for Doubtful Advances (net of Written Back),,,,,,Zydus Lifesciences,,,140,-74,-1,,13,-3,,,,,,,,,,,,,,,,,,,,,,,,,,,,,,,,,,,,,,,,,,,,,
Exceptional Items - Other Than Above,,,,,,Zydus Lifesciences,,,,2084,,,,,,,,,,,,,,,,,,,,,,,,,,,,,,,,,,,,,,,,,,,,,,,,,
Gain/loss on Valuation of Forward Contract Value Related to Investment in a Joint Venture,,,,,,Zydus Lifesciences,-96,,-144,-27,-61,-77,,,,,,,,,,,,,,,,,,,,,,,,,,,,,,,,,,,,,,,,,,,,,,,
Provision for probable product expiry daims and return of goods (net of written back),,,,,,Zydus Lifesciences,,,,280,,,,,,,,,,,,,,,,,,,,,,,,,,,,,,,,,,,,,,,,,,,,,,,,,
Net Loss on Fair Valuation of Swap Contract,,,,,,Zydus Lifesciences,,,,,,,,226,,,,,,,,,,,,,,,,,,,,,,,,,,,,,,,,,,,,,,,,,,,,,
Loss on valuation of Forward Contract value related to investment in a Joint Venture,,,,,,Zydus Lifesciences,,,,,,,60,,,,,,,,,,,,,,,,,,,,,,,,,,,,,,,,,,,,,,,,,,,,,,
Trade Receivables,,,,,,Zydus Lifesciences,5174,,4198,-1211,-2228,5342,,,,,,,,,,,,,,,,,,,,,,,,,,,,,,,,,,,,,,,,,,,,,,,
Change in Trade Receivables,,,,,,Zydus Lifesciences,,,,,,,5546,-5902,,,,,,,,,,,,,,,,,,,,,,,,,,,,,,,,,,,,,,,,,,,,,
Changes in Inventories,,,,,,Zydus Lifesciences,-2663,,-85,-3871,4144,1265,-2707,869,,,,,,,,,,,,,,,,,,,,,,,,,,,,,,,,,,,,,,,,,,,,,
Trade Payables,,,,,,Zydus Lifesciences,,,,,,,-387,-5037,,,,,,,,,,,,,,,,,,,,,,,,,,,,,,,,,,,,,,,,,,,,,
Change in Trade Payables,,,,,,Zydus Lifesciences,-2601,,2884,-890,-4631,-5220,,,,,,,,,,,,,,,,,,,,,,,,,,,,,,,,,,,,,,,,,,,,,,,
Changes in Other Assets,,,,,,Zydus Lifesciences,1459,,-1799,1753,1835,-211,1055,-2064,,,,,,,,,,,,,,,,,,,,,,,,,,,,,,,,,,,,,,,,,,,,,
Changes in Other Liabilities,,,,,,Zydus Lifesciences,-2188,,90,1151,883,628,2287,-2315,,,,,,,,,,,,,,,,,,,,,,,,,,,,,,,,,,,,,,,,,,,,,
Cash Flow from Operating Activities,,,,,,Zydus Lifesciences,7760,14234,16994,12123,11291,22129,35788,9460,,,,,,,,,,,,,,,,,,,,,,,,,,,,,,,,,,,,,,,,,,,,,
"Purchase of Property, Plant and Equipment and Intangible Assets",,,,,,Zydus Lifesciences,-7162,,-2700,-6063,-5312,-4651,,,,,,,,,,,,,,,,,,,,,,,,,,,,,,,,,,,,,,,,,,,,,,,
"Purchase of property, plant and equipment and intangible assets (including payment towards Capital work-in-progress, intangible asset under development and Capital advances)",,,,,,Zydus Lifesciences,,,,,,,-9740,-8675,,,,,,,,,,,,,,,,,,,,,,,,,,,,,,,,,,,,,,,,,,,,,
"Proceeds from Sales of Property, Plant, and Equipment and Intangible Assets",,,,,,Zydus Lifesciences,16,,90,172,40,199,452,89,,,,,,,,,,,,,,,,,,,,,,,,,,,,,,,,,,,,,,,,,,,,,
Payments for Acquisition of Businesses,,,,,,Zydus Lifesciences,,,,,,,,-54637,,,,,,,,,,,,,,,,,,,,,,,,,,,,,,,,,,,,,,,,,,,,,
Purchase of Non-current Investments in Subsidiaries,,,,,,Zydus Lifesciences,,,-500,,,,,,,,,,,,,,,,,,,,,,,,,,,,,,,,,,,,,,,,,,,,,,,,,,
Proceeds from Sale of Interest in a Subsidiary,,,,,,Zydus Lifesciences,,,1035,,,,,,,,,,,,,,,,,,,,,,,,,,,,,,,,,,,,,,,,,,,,,,,,,,
Proceeds from redemption of Non-Current investments - subsidiaries,,,,,,Zydus Lifesciences,,,,,250,,,,,,,,,,,,,,,,,,,,,,,,,,,,,,,,,,,,,,,,,,,,,,,,
Proceeds from Sale of Brands (net),,,,,,Zydus Lifesciences,,,,1127,,,,,,,,,,,,,,,,,,,,,,,,,,,,,,,,,,,,,,,,,,,,,,,,,
Fvtpl Gain/profit (net) on Sale of Investments Which are Considered as Part of Cash and Cash Equivalents,,,,,,Zydus Lifesciences,,,57,247,,,,,,,,,,,,,,,,,,,,,,,,,,,,,,,,,,,,,,,,,,,,,,,,,
Investment in Liquid Mutual Funds (net),,,,,,Zydus Lifesciences,,,,,21846,,,,,,,,,,,,,,,,,,,,,,,,,,,,,,,,,,,,,,,,,,,,,,,,
Bank balances (including fixed deposits) not Considered as Cash and Cash equivalents (Net),,,,,,Zydus Lifesciences,,,,,1204,-2289,,,,,,,,,,,,,,,,,,,,,,,,,,,,,,,,,,,,,,,,,,,,,,,
(Investments in)/redemption of Current investments (Net),,,,,,Zydus Lifesciences,,,,,,253,,,,,,,,,,,,,,,,,,,,,,,,,,,,,,,,,,,,,,,,,,,,,,,
Redemption of/Investments in Current investments (Net),,,,,,Zydus Lifesciences,,,,,,,-6057,6277,,,,,,,,,,,,,,,,,,,,,,,,,,,,,,,,,,,,,,,,,,,,,
Proceeds from Sale of Investment in a Joint Venture,,,,,,Zydus Lifesciences,,,,,,,185,,,,,,,,,,,,,,,,,,,,,,,,,,,,,,,,,,,,,,,,,,,,,,
Payment for acquisition of joint Control,,,,,,Zydus Lifesciences,,,,,,,-6500,,,,,,,,,,,,,,,,,,,,,,,,,,,,,,,,,,,,,,,,,,,,,,
Proceeds from Sale of Non-current Investments,,,,,,Zydus Lifesciences,,,,,,,100,,,,,,,,,,,,,,,,,,,,,,,,,,,,,,,,,,,,,,,,,,,,,,
Purchase of Non-current Investments,,,,,,Zydus Lifesciences,,,,,,,-386,-140,,,,,,,,,,,,,,,,,,,,,,,,,,,,,,,,,,,,,,,,,,,,,
Investments in Deposits Other Than Banks,,,,,,Zydus Lifesciences,,,,-6190,,,,,,,,,,,,,,,,,,,,,,,,,,,,,,,,,,,,,,,,,,,,,,,,,
Purchase of Non-current Investments - Other Than Subsidiaries,,,,,,Zydus Lifesciences,,,,,-105,-1060,,,,,,,,,,,,,,,,,,,,,,,,,,,,,,,,,,,,,,,,,,,,,,,
Proceeds from sale of Non-Current investments - other than subsidiaries,,,,,,Zydus Lifesciences,,,,,103,,,,,,,,,,,,,,,,,,,,,,,,,,,,,,,,,,,,,,,,,,,,,,,,
Investments in deposits other than banks (Net),,,,,,Zydus Lifesciences,,,,,-1133,,,,,,,,,,,,,,,,,,,,,,,,,,,,,,,,,,,,,,,,,,,,,,,,
Proceeds from sale of Non-Current investments of a joint venture,,,,,,Zydus Lifesciences,890,,,,,,,,,,,,,,,,,,,,,,,,,,,,,,,,,,,,,,,,,,,,,,,,,,,,
Loans to others Repayment,,,,,,Zydus Lifesciences,,,,,,,,641,,,,,,,,,,,,,,,,,,,,,,,,,,,,,,,,,,,,,,,,,,,,,
Fvtpl Gain/profit on Sale of Investments (net),,,,,,Zydus Lifesciences,210,,,,,,,,,,,,,,,,,,,,,,,,,,,,,,,,,,,,,,,,,,,,,,,,,,,,
Other-net Cash Used Tn Investing Activities,,,,,,Zydus Lifesciences,,-4203,,,,,,,,,,,,,,,,,,,,,,,,,,,,,,,,,,,,,,,,,,,,,,,,,,,
Change in Bank balances (including fixed deposits) not Considered as Cash and Cash equivalents,,,,,,Zydus Lifesciences,,,,,,,1614,2279,,,,,,,,,,,,,,,,,,,,,,,,,,,,,,,,,,,,,,,,,,,,,
Proceeds from Disposal of Disposal Group Constituting the Discontinued Operations (net),,,,,,Zydus Lifesciences,,,,28585,,,,,,,,,,,,,,,,,,,,,,,,,,,,,,,,,,,,,,,,,,,,,,,,,
Dividends Received,,,,,,Zydus Lifesciences,4,,5,5,10,12,10,12,,,,,,,,,,,,,,,,,,,,,,,,,,,,,,,,,,,,,,,,,,,,,
Interest Received,,,,,,Zydus Lifesciences,312,,276,233,429,443,505,2227,,,,,,,,,,,,,,,,,,,,,,,,,,,,,,,,,,,,,,,,,,,,,
Cash Flow from Investing Activities,,,,,,Zydus Lifesciences,-5730,-4203,-1737,18116,17332,-7093,-19817,-51927,,,,,,,,,,,,,,,,,,,,,,,,,,,,,,,,,,,,,,,,,,,,,
Repayments of Non-current Borrowings,,,,,,Zydus Lifesciences,-760,,-16204,-6690,-3897,-827,,,,,,,,,,,,,,,,,,,,,,,,,,,,,,,,,,,,,,,,,,,,,,,
Proceeds from Non-current Borrowings,,,,,,Zydus Lifesciences,1435,,,4962,1550,,,56907,,,,,,,,,,,,,,,,,,,,,,,,,,,,,,,,,,,,,,,,,,,,,
"Current Borrowings, Net",,,,,,Zydus Lifesciences,-2260,,4265,1382,-16340,-9288,,,,,,,,,,,,,,,,,,,,,,,,,,,,,,,,,,,,,,,,,,,,,,,
Current Borrowings (Net - (Repayment),,,,,,Zydus Lifesciences,,,,,,,-6175,-4315,,,,,,,,,,,,,,,,,,,,,,,,,,,,,,,,,,,,,,,,,,,,,
Lease Liabilities - Net,,,,,,Zydus Lifesciences,,,-52,-72,9,79,31,-33,,,,,,,,,,,,,,,,,,,,,,,,,,,,,,,,,,,,,,,,,,,,,
Buyback of equity shares (including tax and transaction Cost),,,,,,Zydus Lifesciences,,,,,-8632,,,,,,,,,,,,,,,,,,,,,,,,,,,,,,,,,,,,,,,,,,,,,,,,
Dividends Paid,,,,,,Zydus Lifesciences,-3583,,,-3586,-2668,-6207,-3029,-11057,,,,,,,,,,,,,,,,,,,,,,,,,,,,,,,,,,,,,,,,,,,,,
Proceeds from Issuance of Share Capital By a Subsidiary to Non-controlling Interests,,,,,,Zydus Lifesciences,,,9999,,,,,,,,,,,,,,,,,,,,,,,,,,,,,,,,,,,,,,,,,,,,,,,,,,
Other Financing Activities,,,,,,Zydus Lifesciences,,-6869,,,,,,,,,,,,,,,,,,,,,,,,,,,,,,,,,,,,,,,,,,,,,,,,,,,
Tax on Dividend Paid,,,,,,Zydus Lifesciences,-730,,,,,,,,,,,,,,,,,,,,,,,,,,,,,,,,,,,,,,,,,,,,,,,,,,,,
Premium Paid on Purchase of the Ncds,,,,,,Zydus Lifesciences,,,-1320,,,,,,,,,,,,,,,,,,,,,,,,,,,,,,,,,,,,,,,,,,,,,,,,,,
Interest Paid,,,,,,Zydus Lifesciences,2381,,-1454,-547,-660,-208,-137,-1055,,,,,,,,,,,,,,,,,,,,,,,,,,,,,,,,,,,,,,,,,,,,,
Cash Flow from Financing Activities,,,,,,Zydus Lifesciences,-3517,-6869,-4766,-4551,-30638,-16451,-9310,40447,,,,,,,,,,,,,,,,,,,,,,,,,,,,,,,,,,,,,,,,,,,,,
Cash Flow Net Changes in Cash,,,,,,Zydus Lifesciences,-1487,3162,10456,25450,-2028,-1415,6484,548,,,,,,,,,,,,,,,,,,,,,,,,,,,,,,,,,,,,,,,,,,,,,
Effect of Exchange Rates on Cash and Cash Equivalents,,,,,,Zydus Lifesciences,,,-35,9,-13,,,,,,,,,,,,,,,,,,,,,,,,,,,,,,,,,,,,,,,,,,,,,,,,
Effect of Foreign Exchange Rate Changes on Cash and Cash Equivalents,,,,,,Zydus Lifesciences,,,,,,,-177,784,,,,,,,,,,,,,,,,,,,,,,,,,,,,,,,,,,,,,,,,,,,,,
Cash and Cash Equivalents of the Acquired Subsidiaries,,,,,,Zydus Lifesciences,,,,,,,,1784,,,,,,,,,,,,,,,,,,,,,,,,,,,,,,,,,,,,,,,,,,,,,
Reduction in Cash and Cash Equivalents of the Disposed/held for Sale Subsidiaries,,,,,,Zydus Lifesciences,,,,-247,,,,,,,,,,,,,,,,,,,,,,,,,,,,,,,,,,,,,,,,,,,,,,,,,
Period Type: Quarters,,,,,,Zydus Lifesciences,,,,,,,,,,,,,,,,,,,,,,,,,,,,,,,,,,,,,,,,,,,,,,,,,,,,,
S&P Capital IQ - Standard,,,,,,Zydus Lifesciences,2014 FQ1,2014 FQ2,2014 FQ3,2014 FQ4,2015 FQ2,2015 FQ4,2016 FQ2,2016 FQ4,2017 FQ2,2017 FQ4,2018 FQ2,2018 FQ4,2019 FQ2,2019 FQ4,2020 FQ2,2020 FQ4,2021 FQ2,2021 FQ4,2022 FQ2,2022 FQ4,2023 FQ2,2023 FQ4,2024 FQ2,2024 FQ4,2025 FQ2,2025 FQ4,2026 FQ2,2026 FQ4,,,,,,,,,,,,,,,,,,,,,,,,,
Period Ended,,,,,,Zydus Lifesciences,2013-06-30 00:00:00,2013-09-30 00:00:00,2013-12-31 00:00:00,2014-03-31 00:00:00,2014-09-30 00:00:00,2015-04-01 00:00:00,2015-09-30 00:00:00,2016-03-31 00:00:00,2016-09-30 00:00:00,2017-03-31 00:00:00,2017-09-30 00:00:00,2018-03-31 00:00:00,2018-09-30 00:00:00,2019-03-31 00:00:00,2019-09-30 00:00:00,2020-03-31 00:00:00,2020-09-30 00:00:00,2021-03-31 00:00:00,2021-09-30 00:00:00,2022-03-31 00:00:00,2022-09-30 00:00:00,2023-03-31 00:00:00,2023-09-30 00:00:00,2024-03-31 00:00:00,2024-09-30 00:00:00,2025-03-31 00:00:00,2025-09-30 00:00:00,2026-03-31 00:00:00,,,,,,,,,,,,,,,,,,,,,,,,,
Currency,,,,,,Zydus Lifesciences,INR,INR,INR,INR,INR,INR,INR,INR,INR,INR,INR,INR,INR,INR,INR,INR,INR,INR,INR,INR,INR,INR,INR,INR,INR,INR,INR,INR,,,,,,,,,,,,,,,,,,,,,,,,,
Units,,,,,,Zydus Lifesciences,Thousands,Thousands,Thousands,Millions,Thousands,Millions,Thousands,Millions,Millions,Millions,Millions,Millions,Millions,Millions,Millions,Millions,Millions,Millions,Millions,Millions,Millions,Millions,Millions,Millions,Millions,Millions,Millions,Millions,,,,,,,,,,,,,,,,,,,,,,,,,
Cash and Cash Equivalents,,,,,,Zydus Lifesciences,,,,5488,4569900,6178,10079800,6387,10266,15435,4615,5367,3415,4207,4371,8453,5497,6652,3751,6578,4550,4878,3463,4130,10614,8268,8816,8552,,,,,,,,,,,,,,,,,,,,,,,,,
Bank Balances Other Than Cash and Cash Equivalents,,,,,,Zydus Lifesciences,,,,,,,,,,,5465,7782,6911,1282,2763,1196,13234,2231,2706,4491,3287,853,5608,6921,5322,21300,19009,5614,,,,,,,,,,,,,,,,,,,,,,,,,
Investments,,,,,,Zydus Lifesciences,,,,644,47000,1208,2217100,1991,1248,491,1779,2748,4084,2299,4820,2128,3502,1989,29865,23532,2008,6193,6124,2525,9014,48555,42860,57758,,,,,,,,,,,,,,,,,,,,,,,,,
Trade Receivables,,,,,,Zydus Lifesciences,,,,11337,14439400,16303,16708000,17466,21313,22775,27470,32063,27332,39508,33856,36632,33243,31273,32323,33403,37248,44168,39152,52202,46695,40848,49627,54157,,,,,,,,,,,,,,,,,,,,,,,,,
Loans,,,,,,Zydus Lifesciences,,,,,,,,,,,,,,100,113,,,,,,,4,24,15,15,771,130,37,,,,,,,,,,,,,,,,,,,,,,,,,
Loans and Advances,,,,,,Zydus Lifesciences,,,,2549,3233800,,2732400,,147,,,,,,,,,,,,,,,,,,,,,,,,,,,,,,,,,,,,,,,,,,,,
Inventories,,,,,,Zydus Lifesciences,,,,13675,15038800,14175,14523300,13371,15507,18037,20102,23853,26516,26880,25730,27890,28180,32362,35188,37194,34047,34133,33039,34419,37169,39440,47501,56281,,,,,,,,,,,,,,,,,,,,,,,,,
Other Current Assets,,,,,,Zydus Lifesciences,,,,686,520000,2908,862900,3451,1486,3362,7471,6744,7846,8489,8581,8549,4195,10309,9992,8907,7899,7573,6892,7413,7358,6794,9954,14493,,,,,,,,,,,,,,,,,,,,,,,,,
Other Current Assets,,,,,,Zydus Lifesciences,,,,,,,,,,,,,,,,,8981,,,,,,,,,,,,,,,,,,,,,,,,,,,,,,,,,,,,
Assets Classified as Held for Sale,,,,,,Zydus Lifesciences,,,,,,,,,,,,,,,,,,,1931,,444,,66,,381,,,,,,,,,,,,,,,,,,,,,,,,,,,,
Other Current Financial Assets,,,,,,Zydus Lifesciences,,,,,,115,,138,1817,123,165,3448,848,2216,1146,2306,,2344,8224,6847,7632,2280,4980,6573,5001,4485,5232,2169,,,,,,,,,,,,,,,,,,,,,,,,,
Assets Classied as Held for Sale,,,,,,Zydus Lifesciences,,,,,,,,,,,,292,,,,,,,,,,,,,,,,,,,,,,,,,,,,,,,,,,,,,,,,,
Total Current Assets,,,,,,Zydus Lifesciences,,,,34379,37848900,40887,47123500,42804,51784,,67067,,,84981,81380,87154,96832,,,120952,,,99348,,,170461,183129,199061,,,,,,,,,,,,,,,,,,,,,,,,,
Capital Work in Progress,,,,,,Zydus Lifesciences,,,,8915,,7767,,9508,11966,15433,18198,15272,14519,8372,10600,7415,8606,7832,9263,6610,9575,11302,12200,11115,10511,13179,11901,11657,,,,,,,,,,,,,,,,,,,,,,,,,
"Property, Plant and Equipment",,,,,,Zydus Lifesciences,,,,21576,33075400,23416,36032600,26067,28009,32904,32528,38188,41791,51059,50382,54522,52418,55500,52875,57616,57645,56965,57166,58033,61020,60420,70990,92307,,,,,,,,,,,,,,,,,,,,,,,,,
Investment in Joint Venture,,,,,,Zydus Lifesciences,,,,,,1248,,1675,3520,3214,3393,3605,3544,3484,3550,3516,3471,3570,3589,3743,3712,4166,4493,,11074,,,,,,,,,,,,,,,,,,,,,,,,,,,,
Investments Accounted for Using Equity Method,,,,,,Zydus Lifesciences,,,,,,,,,,,,,,,,,,,,,,,,4162,,11431,,11666,,,,,,,,,,,,,,,,,,,,,,,,,
(F) Investments accounted for using equity method,,,,,,Zydus Lifesciences,,,,,,,,,,,,,,,,,,,,,,,,,,,11428,,,,,,,,,,,,,,,,,,,,,,,,,,
Non-current Investments,,,,,,Zydus Lifesciences,,,,222,215600,722,331600,496,543,643,987,1104,1021,952,950,2006,2413,2742,3143,5605,5146,5107,6130,5518,5871,4136,4493,5975,,,,,,,,,,,,,,,,,,,,,,,,,
Deferred Tax Asset-net,,,,,,Zydus Lifesciences,,,,,,963,,5185,1228,8955,9725,9246,9903,,9766,8529,8254,10744,11191,10958,11667,12624,16915,16442,18536,23438,21133,21086,,,,,,,,,,,,,,,,,,,,,,,,,
Loans,,,,,,Zydus Lifesciences,,,,,,150,,,,,,,,,,,,,,,,20,,,,,,2,,,,,,,,,,,,,,,,,,,,,,,,,
Long-term Loans and Advances,,,,,,Zydus Lifesciences,,,,5111,6249000,,6748000,,244,,,,,,,,,,,,,,,,,,,,,,,,,,,,,,,,,,,,,,,,,,,,
Goodwill,,,,,,Zydus Lifesciences,,,,,7344400,8950,7320600,8946,8935,11494,13797,13853,14394,52890,53019,53915,53513,53465,53531,53646,54056,48044,48044,52660,52660,52421,77548,75427,,,,,,,,,,,,,,,,,,,,,,,,,
Intangible Assets,,,,,,Zydus Lifesciences,,,,9662,,,,,,,,,,,,,,,,,,,,,,,,,,,,,,,,,,,,,,,,,,,,,,,,,
Other Intangible Assets,,,,,,Zydus Lifesciences,,,,,,393,,2466,3416,13153,13188,12785,13273,17688,14610,13868,13148,12363,11070,10623,11008,10200,9834,12992,16169,18496,54946,73324,,,,,,,,,,,,,,,,,,,,,,,,,
Intangible Assets Under Development,,,,,,Zydus Lifesciences,,,,,,,,,,,,,,,,,,,,649,,705,711,13118,13190,13740,27137,25328,,,,,,,,,,,,,,,,,,,,,,,,,
Other Non-current Assets,,,,,,Zydus Lifesciences,,,,,,2103,,2267,1900,2845,2216,2034,2432,2398,2162,1575,2332,2044,2755,2506,2586,2162,1895,2133,2051,2642,3744,6842,,,,,,,,,,,,,,,,,,,,,,,,,
Other Long-term Assets,,,,,,Zydus Lifesciences,,,,,,,,,,,,,,,,,3128,,,,,,,,,,,,,,,,,,,,,,,,,,,,,,,,,,,,
Other Financial Assets,,,,,,Zydus Lifesciences,,,,,,1647,,1914,3044,2631,2772,1529,1687,2239,2348,2860,,2518,2440,2446,2468,4980,655,413,570,409,,344,,,,,,,,,,,,,,,,,,,,,,,,,
Other Financial Assets,,,,,,Zydus Lifesciences,,,,,,,,,,,,,,9703,,,,,,,,,,,,,,,,,,,,,,,,,,,,,,,,,,,,,,,
"Current Tax Assets, Net",,,,,,Zydus Lifesciences,,,,,,3096,,4178,4717,712,1073,740,1040,1065,1321,1506,1386,909,875,938,1315,1125,1403,1208,1238,1244,2090,1047,,,,,,,,,,,,,,,,,,,,,,,,,
Assets Classified as Held for Sale,,,,,,Zydus Lifesciences,,,,,,,,,,,,,,,,,,,,1662,,82,,816,,,,,,,,,,,,,,,,,,,,,,,,,,,,,
I I Other Financial Assets,,,,,,Zydus Lifesciences,,,,,,,,,,,,,,,,,,,,,,,,,,,434,,,,,,,,,,,,,,,,,,,,,,,,,,
Total Assets,,,,,,Zydus Lifesciences,,,,79865,84733300,91342,97556300,105506,119306,152207,164944,180653,180556,234831,230088,236866,245501,238847,274712,277954,256293,257564,258794,292808,314459,372017,468973,524066,,,,,,,,,,,,,,,,,,,,,,,,,
Trade Payables,,,,,,Zydus Lifesciences,,8297800,,9108,9437000,10329,15001400,13081,16495,15479,17624,,16463,,,,288,,,,,,,,,,,,,,,,,,,,,,,,,,,,,,,,,,,,
"Due to Micro, Small and Medium Enterprises",,,,,,Zydus Lifesciences,,,,,,,,,,,,214,,121,112,170,,228,130,280,194,377,192,670,612,974,1182,1540,,,,,,,,,,,,,,,,,,,,,,,,,
Dues to Other Than Micro and Small Enterprises,,,,,,Zydus Lifesciences,,,,,,,,,,,,18670,,19105,,20273,,21831,,21098,,20873,,20597,,21833,,26911,,,,,,,,,,,,,,,,,,,,,,,,,
"Due to Other Than Micro, Small and Medium Enterprises",,,,,,Zydus Lifesciences,,,,,,,,,,,,,,,16438,,22523,,21327,,17831,,16166,,20656,,23433,,,,,,,,,,,,,,,,,,,,,,,,,,
Il Borrowings,,,,,,Zydus Lifesciences,,,,,,,,,,,,,,,,,,,,,,,,,,,28148,,,,,,,,,,,,,,,,,,,,,,,,,,
Short-term Borrowings,,,,,,Zydus Lifesciences,,13821600,,,10441100,,9305400,,17433,,21567,,24638,,33088,,41419,,42069,,21301,,1500,,1500,,,,,,,,,,,,,,,,,,,,,,,,,,,,
Borrowings,,,,,,Zydus Lifesciences,,,,9024,,11757,,12109,,24769,,25575,,31969,,38265,,39740,,38339,,,,7686,,31695,,85815,,,,,,,,,,,,,,,,,,,,,,,,,
Lease Liabilities,,,,,,Zydus Lifesciences,,,,,,,,,,,,,,,,,,90,79,88,72,119,112,105,90,116,,582,,,,,,,,,,,,,,,,,,,,,,,,,
Ii I .ease liabilities,,,,,,Zydus Lifesciences,,,,,,,,,,,,,,,,,,,,,,,,,,,110,,,,,,,,,,,,,,,,,,,,,,,,,,
"Current Tax Liabilities, Net",,,,,,Zydus Lifesciences,,,,,,213,,300,309,116,648,520,1584,537,168,291,1326,884,2482,418,2013,1568,4963,3720,6344,6157,2600,3663,,,,,,,,,,,,,,,,,,,,,,,,,
Short-term Provisions,,,,,,Zydus Lifesciences,,760900,,2927,928900,266,1976900,513,416,573,842,1002,1170,1357,1903,2432,2938,3299,3559,3656,3488,3654,3784,3948,4981,4514,,4785,,,,,,,,,,,,,,,,,,,,,,,,,
Other Current Liabilities,,,,,,Zydus Lifesciences,,6154400,,7081,8995900,844,6966200,1014,446,1519,1971,1387,1756,1713,1780,1771,1945,1782,1850,1864,1755,2705,2573,2780,2820,2663,6544,4777,,,,,,,,,,,,,,,,,,,,,,,,,
Other Current Liabilities,,,,,,Zydus Lifesciences,,,,,,,,,,,,,,,,,18556,,,,,,,,,,,,,,,,,,,,,,,,,,,,,,,,,,,,
Other Financial Liabilities,,,,,,Zydus Lifesciences,,,,,,6512,,7593,5621,10602,11322,13352,11125,18623,17939,19492,,10759,11959,12525,14483,14339,14288,13891,,22464,,29046,,,,,,,,,,,,,,,,,,,,,,,,,
Financial Liabilities,,,,,,Zydus Lifesciences,,,,,,,,,,,,,,,,,,,,,,11632,,,16489,,26145,,,,,,,,,,,,,,,,,,,,,,,,,,
Liabilities Directly Associated With Assets Classified as Held for Sale,,,,,,Zydus Lifesciences,,,,,,,,,,,,110,,,,,,,208,126,74,40,52,22,22,,,,,,,,,,,,,,,,,,,,,,,,,,,,
(C I Provisions,,,,,,Zydus Lifesciences,,,,,,,,,,,,,,,,,,,,,,,,,,,6313,,,,,,,,,,,,,,,,,,,,,,,,,,
Total Current Liabilities,,,,,,Zydus Lifesciences,,29034700,,28140,29802900,29921,33249900,34610,40720,,53974,,,73425,71428,82694,88995,,,78394,,,43630,,,90416,94475,157119,,,,,,,,,,,,,,,,,,,,,,,,,
Long-term Borrowings,,,,,,Zydus Lifesciences,,15646000,,13622,11931100,11504,10857800,8964,9682,24684,27145,25551,27870,39497,37734,32146,15016,6095,4456,3621,2885,,,,,,,31880,,,,,,,,,,,,,,,,,,,,,,,,,
Iborrowings,,,,,,Zydus Lifesciences,,,,,,,,,,,,,,,,,,,,,,,,,,,67791,,,,,,,,,,,,,,,,,,,,,,,,,,
Lease Liabilities,,,,,,Zydus Lifesciences,,,,,,,,,,,,,,,,,,151,189,161,202,198,307,251,315,321,,6683,,,,,,,,,,,,,,,,,,,,,,,,,
Ii Lease Liabilities,,,,,,Zydus Lifesciences,,,,,,,,,,,,,,,,,,,,,,,,,,,312,,,,,,,,,,,,,,,,,,,,,,,,,,
Deferred Tax Liabilities,,,,,,Zydus Lifesciences,,902400,,,919800,,547400,,1397,,3640,,2756,,2232,,1893,,1135,,1289,,1819,,4428,,16438,,,,,,,,,,,,,,,,,,,,,,,,,,
"Deferred Tax Liability, Net",,,,,,Zydus Lifesciences,,,,961,,1575,,2009,,1164,,2821,,2523,,2099,,1197,,1538,,1944,,4465,,5126,,17340,,,,,,,,,,,,,,,,,,,,,,,,,
Minority Interest,,,,,,Zydus Lifesciences,,1352900,,1443,1603600,1767,1827900,1358,1503,1561,1726,1910,1955,12929,12867,13347,18793,19373,19873,20542,21025,21725,22081,22721,23300,24053,27879,24708,,,,,,,,,,,,,,,,,,,,,,,,,
Other Long-term Liabilities,,,,,,Zydus Lifesciences,,436900,,,499200,,370800,,,,,,28,,22,,147,,7,,,,13,,13,,1,,,,,,,,,,,,,,,,,,,,,,,,,,
Other Non-current Liabilities,,,,,,Zydus Lifesciences,,,,548,,,,,,,,13,,26,,17,,10,,3,,,,18,,9,,5,,,,,,,,,,,,,,,,,,,,,,,,,
Long-term Provisions,,,,,,Zydus Lifesciences,,634200,,761,826600,1064,1026900,1207,1305,1512,1661,1559,1569,1841,1967,2352,2638,3095,3105,3250,2554,2718,3092,3097,3706,3839,4262,4453,,,,,,,,,,,,,,,,,,,,,,,,,
Other Financial Liabilities,,,,,,Zydus Lifesciences,,,,,,303,,366,565,628,630,524,549,727,849,454,473,390,401,449,477,514,524,10542,10937,8722,4795,10764,,,,,,,,,,,,,,,,,,,,,,,,,
Common Stock - Par Value,,,,,,Zydus Lifesciences,1023700,1023700,1023700,1024,1023700,1024,1023700,1024,1024,1024,1024,1024,1024,1024,1024,1024,1024,1024,1024,1024,1012,1012,1012,1006,1006,1006,1006,1006,,,,,,,,,,,,,,,,,,,,,,,,,
Reserves & Surplus,,,,,,Zydus Lifesciences,,30682800,,33366,38126400,,48651900,,,,,,,,,,,,,,,,,,,,,,,,,,,,,,,,,,,,,,,,,,,,,,
Other Equity,,,,,,Zydus Lifesciences,,,,,,44184,,55968,63110,68576,75144,86421,88069,102839,101965,102733,116522,128899,160859,168972,165638,174146,186316,197289,217240,238525,252014,270108,,,,,,,,,,,,,,,,,,,,,,,,,
Total Shareholders Equity,,,,,,Zydus Lifesciences,1023700,31706500,1023700,34390,39150100,45208,49675600,56992,64134,69600,76168,87445,89093,103863,102989,103757,117546,129923,161883,169996,166650,175158,187328,198295,218246,239531,253020,271114,,,,,,,,,,,,,,,,,,,,,,,,,
Total Liabilities & Shareholders Equity,,,,,,Zydus Lifesciences,,79713600,,79865,84733300,91342,97556300,105506,119306,152207,164944,180653,180556,234831,230088,236866,245501,238847,274712,277954,256293,257564,258794,292808,314459,372017,468973,524066,,,,,,,,,,,,,,,,,,,,,,,,,
Zydus Lifesciences Limited | Income Statement (As Reported),,,,,,Zydus Lifesciences,,,,,,,,,,,,,,,,,,,,,,,,,,,,,,,,,,,,,,,,,,,,,,,,,,,,,
S&P Capital IQ - Standard,,,,,,Zydus Lifesciences,2014 FQ1,2014 FQ2,2014 FQ3,2014 FQ4,2015 FQ1,2015 FQ2,2015 FQ3,2015 FQ4,2016 FQ1,2016 FQ2,2016 FQ3,2016 FQ4,2017 FQ1,2017 FQ2,2017 FQ3,2017 FQ4,2018 FQ1,2018 FQ2,2018 FQ3,2018 FQ4,2019 FQ1,2019 FQ2,2019 FQ3,2019 FQ4,2020 FQ1,2020 FQ2,2020 FQ3,2020 FQ4,2021 FQ1,2021 FQ2,2021 FQ3,2021 FQ4,2022 FQ1,2022 FQ2,2022 FQ3,2022 FQ4,2023 FQ1,2023 FQ2,2023 FQ3,2023 FQ4,2024 FQ1,2024 FQ2,2024 FQ3,2024 FQ4,2025 FQ1,2025 FQ2,2025 FQ3,2025 FQ4,2026 FQ1,2026 FQ2,2026 FQ3,2026 FQ4,2027 FQ1
Period Ended,,,,,,Zydus Lifesciences,2013-06-30 00:00:00,2013-09-30 00:00:00,2013-12-31 00:00:00,2014-03-31 00:00:00,2014-06-30 00:00:00,2014-09-30 00:00:00,2014-12-31 00:00:00,2015-03-31 00:00:00,2015-06-30 00:00:00,2015-09-30 00:00:00,2015-12-31 00:00:00,2016-03-31 00:00:00,2016-06-30 00:00:00,2016-09-30 00:00:00,2016-12-31 00:00:00,2017-03-31 00:00:00,2017-06-30 00:00:00,2017-09-30 00:00:00,2017-12-31 00:00:00,2018-03-31 00:00:00,2018-06-30 00:00:00,2018-09-30 00:00:00,2018-12-31 00:00:00,2019-03-31 00:00:00,2019-06-30 00:00:00,2019-09-30 00:00:00,2019-12-31 00:00:00,2020-03-31 00:00:00,2020-06-30 00:00:00,2020-09-30 00:00:00,2020-12-31 00:00:00,2021-03-31 00:00:00,2021-06-30 00:00:00,2021-09-30 00:00:00,2021-12-31 00:00:00,2022-03-31 00:00:00,2022-06-30 00:00:00,2022-09-30 00:00:00,2022-12-31 00:00:00,2023-03-31 00:00:00,2023-06-30 00:00:00,2023-09-30 00:00:00,2023-12-31 00:00:00,2024-03-31 00:00:00,2024-06-30 00:00:00,2024-09-30 00:00:00,2024-12-31 00:00:00,2025-03-31 00:00:00,2025-06-30 00:00:00,2025-09-30 00:00:00,2025-12-31 00:00:00,2026-03-31 00:00:00,2026-06-30 00:00:00
Currency,,,,,,Zydus Lifesciences,INR,INR,INR,INR,INR,INR,INR,INR,INR,INR,INR,INR,INR,INR,INR,INR,INR,INR,INR,INR,INR,INR,INR,INR,INR,INR,INR,INR,INR,INR,INR,INR,INR,INR,INR,INR,INR,INR,INR,INR,INR,INR,INR,INR,INR,INR,INR,INR,INR,INR,INR,INR,INR
Units,,,,,,Zydus Lifesciences,Thousands,Thousands,Thousands,Thousands,Thousands,Thousands,Millions,Millions,Millions,Millions,Millions,Millions,Millions,Millions,Millions,Millions,Millions,Millions,Millions,Millions,Millions,Millions,Millions,Millions,Millions,Millions,Millions,Millions,Millions,Millions,Millions,Millions,Millions,Millions,Millions,Millions,Millions,Millions,Millions,Millions,Millions,Millions,Millions,Millions,Millions,Millions,Millions,Millions,Millions,Millions,Millions,Millions,Millions
Revenues,,,,,,Zydus Lifesciences,,,,,,,,,,,,,,,,,,,,,,,,,,,,,,,,,,,,,,,,,,,,,,,,,,,,,
Sales of Product,,,,,,Zydus Lifesciences,,,,,,,,,,,,,,,,,,,,,,,,,,,,36272,34241,36012,35915,35809,38939,36626,35293,37418,39229,39426,41598,48525,50528,42586,43437,53664,60465,51136,51235,,64670,60379,67804,,78020
Safe of Products,,,,,,Zydus Lifesciences,,,,,,,,,,,,,,,,,,,,,,,,,,,,,,,,,,,,,,,,,,,,,,,,62902,,,,74344,
Sales,,,,,,Zydus Lifesciences,,,,,,,,,,,,,22624,23867,23023,24527,21554,31429,31798,31527,27687,28441,35161,36195,34062,32442,35345,,,,,,,,,,,,,,,,,,,,,,,,,,
Net Sales/income from Operations,,,,,,Zydus Lifesciences,,,,,,,21660,22472,22671,,,,,,,,,,,,,,,,,,,,,,,,,,,,,,,,,,,,,,,,,,,,
Gross Sale,,,,,,Zydus Lifesciences,16463300,17375000,18725300,19519800,20568000,21063300,,,,23105,23180,23228,,,,,,,,,,,,,,,,,,,,,,,,,,,,,,,,,,,,,,,,,
Other Income,,,,,,Zydus Lifesciences,,,,,,,,,,,,393,153,236,166,731,210,225,257,440,1013,304,310,384,226,269,201,443,225,275,272,-304,316,533,607,791,659,444,385,378,360,540,377,1564,632,682,575,806,1549,1090,1114,1342,1061
Other Operating Income,,,,,,Zydus Lifesciences,296000,485400,336500,521700,297400,444700,389,411,1155,844,909,643,707,168,615,606,794,790,801,851,1250,1171,618,1133,901,1224,1036,1249,905,577,415,894,1079,972,1105,638,414,629,973,1581,868,1102,1615,1674,1610,1234,1456,2377,1067,853,841,1526,2150
Excise Duty,,,,,,Zydus Lifesciences,-388800,-392500,-344900,-356500,-364200,-428000,,,,,,,,,,,,,,,,,,,,,,,,,,,,,,,,,,,,,,,,,,,,,,,
Total Revenues,,,,,,Zydus Lifesciences,16370500,17467900,18716900,19685000,20501200,21080000,22049,22883,23826,23949,24089,24264,23484,24271,23804,25864,22558,32444,32856,32818,29950,29916,36089,37712,35189,33935,36582,37964,35371,36864,36602,36399,40334,38131,37005,38847,40302,40499,42956,50484,51756,44228,45429,56902,62707,53052,53266,66085,67286,62322,69759,77212,81231
Expenses,,,,,,Zydus Lifesciences,,,,,,,,,,,,,,,,,,,,,,,,,,,,,,,,,,,,,,,,,,,,,,,,,,,,,
Consumption of Raw Materials,,,,,,Zydus Lifesciences,-3861300,-4125500,-4105800,-4195600,-4705300,-5047300,-4708,-4506,-4970,-5146,-4907,-4727,-4333,-4146,-4377,-5389,-5213,-5865,-6560,-7595,-6329,-6583,-5905,-7924,-7235,-7765,-9258,-10338,-8303,-8935,-10426,-9612,-10427,-10135,-8997,-10870,-8511,-11273,-9345,-12097,-12700,-10370,-10632,-12103,-11155,-10665,-10265,-11644,-12189,-13271,-12164,-13472,-12512
Excise Duty on Sales,,,,,,Zydus Lifesciences,,,,,,,,,,-441,-501,-525,-460,-504,-527,-467,-495,,,,,,,,,,,,,,,,,,,,,,,,,,,,,,,,,,,,
Purchase of Stock in Trade,,,,,,Zydus Lifesciences,-2106200,-2961200,-3113600,-3362000,-4062400,-3562900,-3231,-3114,-2527,-3114,-3021,-2658,-3071,-5245,-4831,-4393,-5069,-4596,-4946,-4531,-4414,-4651,-6205,-6250,-4332,-3952,-3917,-3341,-3251,-3336,-2705,-3601,-4490,-4142,-4726,-5288,-5596,-4431,-4632,-4835,-4901,-4055,-4594,-5429,-5224,-4839,-5711,-5726,-6582,-5891,-8515,-9717,-12892
Changes in Stock-in-trade and Work-in-progress,,,,,,Zydus Lifesciences,573600,324300,15700,-218700,634500,389400,348,-401,-490,677,321,-397,-337,959,214,552,2035,-497,323,1293,877,1315,-1412,317,-1028,152,732,1082,-243,-162,1118,849,1367,667,389,1200,-986,-240,-1127,-28,857,-313,541,1417,518,790,142,,,2257,2316,,
"Changes in Inventories of Work in Progress, Finished Goods and Stock in Trade",,,,,,Zydus Lifesciences,,,,,,,,,,,,,,,,,,,,,,,,,,,,,,,,,,,,,,,,,,,,,,,,399,876,,,3426,3006
Employee Benefit Expense,,,,,,Zydus Lifesciences,-2631000,-2729700,-2614700,-2735700,-2901300,-2872700,-3170,-3141,-3026,-3133,-2980,-3477,-3572,-3715,-3710,-4054,-4339,-4636,-4655,-4915,-5266,-5212,-5240,-5523,-5898,-5925,-6142,-6044,-6114,-6038,-6141,-5801,-6236,-6195,-5912,-5998,-6810,-6717,-6890,-7239,-7304,-7529,-8173,-8370,-8835,-8792,-9465,-9714,-10052,-10342,-11397,-12388,-13682
Depreciation and Amortization,,,,,,Zydus Lifesciences,-471200,-517600,-495700,-527800,-677000,-732900,-707,-756,-691,-725,-741,-764,-843,-864,-898,-1141,-1216,-1263,-1469,-1440,-1418,-1475,-1537,-1556,-1716,-1723,-1741,-1785,-1728,-1746,-1762,-1753,-1733,-1773,-1770,-1854,-1807,-1818,-1816,-1786,-1798,-1842,-1948,-2053,-2153,-2336,-2290,-2379,-2381,-3019,-3596,-5084,-5547
Currency Translation Gain(Loss),,,,,,Zydus Lifesciences,,,,,,,,,,,,,,,,,,,,,,,,,,,,,,,,,,,,582,1084,1292,1052,-585,-271,822,206,53,-252,454,1826,-394,571,4141,1644,6449,569
Finance Costs,,,,,,Zydus Lifesciences,-278400,-193300,-189800,-240400,-180800,-172600,-163,-163,-119,-130,-121,-158,-140,-145,-66,-98,-218,-405,-134,-154,-350,-357,-455,-773,-891,-897,-805,-825,-677,-452,-271,-232,-273,-301,-311,-385,-343,-351,-328,-277,-181,-87,-198,-346,-322,-251,-320,-766,-847,-1013,-1299,-1230,-1560
Other Income,,,,,,Zydus Lifesciences,125300,122300,127800,131300,104100,146100,100,204,240,200,323,,,,,,,,,,,,,,,,,,,,,,,,,,,,,,,,,,,,,,,,,,
Other Expenditure,,,,,,Zydus Lifesciences,-5487700,-5370400,-5945900,-5587500,-5705600,-5776600,-6661,-6762,-7035,-6685,-7083,-6585,-6319,-6266,-6364,-6737,-6500,-8054,-8175,-8079,-7355,-7603,-8618,-9840,-9883,-9820,-10818,-10968,-9330,-9980,-10511,-10043,-10513,-8798,-9636,-10505,-10494,-10533,-12069,-12766,-12024,-10782,-11376,-14601,-16287,-14704,-15342,-16945,-17476,-17968,-22365,-24624,-25365
Exceptional Items,,,,,,Zydus Lifesciences,,,-34700,-136800,-11800,2300,-109,14,-21,-3,-9,8,-2,,-1,,,,,,,,,-104,-267,-2781,-62,-525,,-1320,,-731,,1127,,,-29,,,-6013,,,,,,,,-2196,,-342,-849,-3975,-182
Unusual Charges,,,,,,Zydus Lifesciences,,,,,,,,,,,,,,,,,,,,,,,,,,,,,,,,,,,,,,,,,-142,,,,,,,,,,,,
Earnings before Taxes,,,,,,Zydus Lifesciences,2233600,2016800,2360200,2811800,2995600,3452800,3748,4258,5187,5449,5370,4981,4407,4345,3244,4137,1543,7128,7240,7397,5695,5350,6717,6059,3939,1224,4571,5220,5725,4895,5904,5475,8029,8581,6042,5729,6810,6428,7801,4858,13292,10072,9255,15470,18997,12709,11841,16720,19206,16874,13534,16597,13066
Taxes and Other Expenses,,,,,,Zydus Lifesciences,,,,,,,,,,,,,,,,,,,,,,,,,,,,,,,,,,,,,,,,,,,,,,,,,,,,,
Provision for Income Tax,,,,,,Zydus Lifesciences,-203100,-101100,-408300,-347600,-524400,-571300,-791,-707,-717,-778,-906,-1216,-373,-359,-98,-1203,-763,-1820,-1800,-2053,-1193,-1951,-1620,-1309,-516,-1040,-610,-581,-1065,-1231,-1085,-1149,-1281,-1446,-583,-1177,-1454,-1864,-1288,-2298,-6247,-2533,-1497,-4649,-6538,-3656,-1402,-9906,-2307,-3788,-2444,-5256,-3759
Provision for Income Tax,,,,,,Zydus Lifesciences,,,,,,,,,,,,1843,-171,-286,17,1184,470,-303,14,611,-10,704,34,42,-275,645,-317,-504,-117,231,40,3209,-293,89,-511,85,270,494,-664,926,4086,269,-641,1437,2177,-75,-393,5674,-2033,-752,-1439,2072,217
Share of Profit/loss of Associates and Joint Ventures (net of Tax),,,,,,Zydus Lifesciences,,,,,,,,,207,178,-67,112,182,190,145,-179,202,126,105,195,180,179,85,25,105,111,70,2,167,114,155,38,70,123,223,46,221,148,459,118,215,234,564,171,189,221,219,-51,344,52,578,-3,378
Pre-acquisition Profit Transferred to Goodwill Arising on Consolidation,,,,,,Zydus Lifesciences,,,,,,,,21,,,,,,,,,,,,,,,,,,,,,,,,,,,,,,,,,,,,,,,,,,,,,
Minority Interest (After Tax),,,,,,Zydus Lifesciences,-79900,-82000,-92200,-72300,-69100,-100600,-138,-68,-75,-99,-92,-38,-61,-91,-69,-70,-69,-93,-101,-83,-67,-107,-109,-216,-217,132,25,-218,-326,384,-8,-564,-553,-96,-102,-559,-581,-36,-83,-616,-467,-25,-3,-638,-626,-90,-27,-728,-542,200,192,-685,-504
Earnings of Discontinued Operations,,,,,,Zydus Lifesciences,,,,,,,,,,,,,,,,-14,1,-5,-25,-159,,,,,,,,,156,-106,266,-219,-191,-2497,-52,-124,-98,7,-2,-26,-13,-13,-59,-9,,-1,-4,,,,,,
Earnings of Discontinued Operations,,,,,,Zydus Lifesciences,,,,,,,,,,,,,,,,,,,,,,,,,,,,,,447,,,91,-1537,-13,-26,15,48,6,4,3,3,277,41,,4,1,,,,,,
Gain on Disposal of Discontinued Operations (net of Transaction Cost),,,,,,Zydus Lifesciences,,,,,,,,,,,,,,,,,,,,,,,,,,,,,,,,,,26806,,,,,,,,,,,,,,,,,,,
Net Income (Loss),,,,,,Zydus Lifesciences,1950600,1833700,1859700,2391900,2402100,2780900,2819,3504,4602,4750,4305,5682,3984,3799,3239,3855,1384,5033,5433,5908,4605,4175,5107,4601,3036,1072,3739,3919,4540,4734,5272,6790,5872,30023,5004,3974,5183,5225,6229,2966,10869,8007,7896,11823,14199,9112,10235,11709,14668,12586,10421,12725,9398
Supplementary Info,,,,,,Zydus Lifesciences,,,,,,,,,,,,,,,,,,,,,,,,,,,,,,,,,,,,,,,,,,,,,,,,,,,,,
Operating Income (Loss),,,,,,Zydus Lifesciences,2386700,2087800,2456900,3057700,3084100,3477000,3920,4203,5087,5382,5177,,,,,,,,,,,,,,,,,,,,,,,,,,,,,,,,,,,,,,,,,,
Basic EPS - Continuing Operations,,,,,,Zydus Lifesciences,9.53,8.96,9.08,11.68,11.73,13.58,2.75,3.42,4.5,4.64,4.21,5.59,3.89,3.71,3.16,3.78,1.35,4.92,5.33,5.93,4.5,4.08,4.99,4.49,2.97,1.05,3.65,3.83,4.28,4.29,4.89,6.85,5.83,7.08,4.95,4.03,5.14,5.1,6.15,2.95,10.75,7.92,7.59,11.66,14.11,9.05,10.18,11.64,14.58,12.51,10.36,12.65,9.35
Basic EPS - Discontinued Operations,,,,,,Zydus Lifesciences,,,,,,,,,,,,,,,,-0.01,,,-0.02,-0.16,,,,,,,,,0.15,0.33,0.26,-0.21,-0.1,22.24,-0.06,-0.15,-0.08,0.05,,-0.02,-0.01,-0.01,0.21,0.03,,0.01,-0.01,,,,,,
Basic Earnings Per Share – Total,,,,,,Zydus Lifesciences,,,,,,,,,,,,,,,,3.77,1.35,4.92,5.31,5.77,,,,,,,,,4.43,4.62,5.15,6.63,5.74,29.33,4.89,3.88,5.06,5.15,6.15,2.93,10.74,7.91,7.8,11.69,,9.06,10.17,,,12.51,10.36,,
Diluted EPS - Continuing Operations,,,,,,Zydus Lifesciences,9.53,8.96,9.08,11.68,11.73,13.58,2.75,3.42,4.5,4.64,4.21,5.59,3.89,3.71,3.16,3.78,1.35,4.92,5.33,5.93,4.5,4.08,4.99,4.49,2.97,1.05,3.65,3.83,4.28,4.29,4.89,6.85,5.83,7.08,4.95,4.03,5.14,5.1,6.15,2.95,10.75,7.92,7.59,11.66,14.11,9.05,10.18,11.64,14.58,12.51,10.36,12.65,9.35
Diluted EPS - Discontinued Operations,,,,,,Zydus Lifesciences,,,,,,,,,,,,,,,,-0.01,,,-0.02,-0.16,,,,,,,,,0.15,0.33,0.26,-0.21,-0.1,22.24,-0.06,-0.15,-0.08,0.05,,-0.02,-0.01,-0.01,0.21,0.03,,0.01,-0.01,,,,,,
Diluted EPS - Discontinued Operations,,,,,,Zydus Lifesciences,,,,,,,,,,,,,,,,,,,,,,,,,,,,,,,,,,,,,,5.15,,,,,,,,,,,,,,,
Diluted Earnings Per Share – Total,,,,,,Zydus Lifesciences,,,,,,,,,,,,,,,,3.77,1.35,4.92,5.31,5.77,,,,,,,,,4.43,4.62,5.15,6.63,5.74,29.33,4.89,3.88,5.06,5.15,6.15,2.93,10.74,7.91,7.8,11.69,,9.06,10.17,,,12.51,10.36,,
