Date,Open,High,Low,Close,Adj_Close,Volume,Company,Country,Ticker
2013-12-31,163.5,166.0,158.2400054931641,159.75,143.7991027832031,508210,Zydus Lifesciences,India,ZYDUSLIFE.NS
2014-01-31,159.1999969482422,181.8099975585938,154.75,163.9799957275391,147.6067352294922,14824135,Zydus Lifesciences,India,ZYDUSLIFE.NS
2014-02-28,162.2400054931641,209.9900054931641,162.2400054931641,206.6999969482422,186.0611572265625,25659945,Zydus Lifesciences,India,ZYDUSLIFE.NS
2014-03-31,209.0,215.9400024414062,190.2400054931641,205.2200012207031,184.7289428710938,10861825,Zydus Lifesciences,India,ZYDUSLIFE.NS
2014-04-30,205.3999938964844,215.0,191.1000061035156,195.6399993896484,176.1055297851562,5510870,Zydus Lifesciences,India,ZYDUSLIFE.NS
2014-05-31,195.2599945068359,204.1999969482422,174.4199981689453,186.7799987792969,168.1301574707031,10591060,Zydus Lifesciences,India,ZYDUSLIFE.NS
2014-06-30,185.0599975585938,216.3800048828125,182.2200012207031,211.8800048828125,190.7239685058594,8998835,Zydus Lifesciences,India,ZYDUSLIFE.NS
2014-07-31,211.1900024414062,238.8000030517578,209.0,218.1499938964844,197.9864501953125,13932890,Zydus Lifesciences,India,ZYDUSLIFE.NS
2014-08-31,216.4299926757812,256.989990234375,212.5399932861328,240.5500030517578,218.3160400390625,10144405,Zydus Lifesciences,India,ZYDUSLIFE.NS
2014-09-30,240.6100006103516,271.760009765625,212.1799926757812,261.9400024414062,237.7289733886719,10774850,Zydus Lifesciences,India,ZYDUSLIFE.NS
2014-10-31,261.9400024414062,291.5899963378906,260.0,280.8699951171875,254.9092559814453,6834525,Zydus Lifesciences,India,ZYDUSLIFE.NS
2014-11-30,281.3800048828125,352.0299987792969,275.2200012207031,312.010009765625,283.1710205078125,8757285,Zydus Lifesciences,India,ZYDUSLIFE.NS
2014-12-31,311.1000061035156,334.0,289.739990234375,322.3999938964844,292.6006774902344,8066275,Zydus Lifesciences,India,ZYDUSLIFE.NS
2015-01-31,323.1799926757812,343.9800109863281,319.1799926757812,327.6700134277344,297.3835754394531,18248055,Zydus Lifesciences,India,ZYDUSLIFE.NS
2015-02-28,328.0,331.0,285.0,306.5700073242188,278.2338256835938,15076610,Zydus Lifesciences,India,ZYDUSLIFE.NS
2015-03-31,308.3999938964844,359.3599853515625,297.8900146484375,358.0299987792969,324.9374389648438,21485550,Zydus Lifesciences,India,ZYDUSLIFE.NS
2015-04-30,360.0,400.0,325.2000122070312,340.3599853515625,308.9006958007812,12761005,Zydus Lifesciences,India,ZYDUSLIFE.NS
2015-05-31,340.0,380.739990234375,321.6000061035156,373.7200012207031,339.1771545410156,16846170,Zydus Lifesciences,India,ZYDUSLIFE.NS
2015-06-30,376.0,376.9400024414062,338.0,364.9100036621094,331.1814575195312,13388735,Zydus Lifesciences,India,ZYDUSLIFE.NS
2015-07-31,372.5,408.9500122070312,357.010009765625,377.3699951171875,344.690673828125,13028625,Zydus Lifesciences,India,ZYDUSLIFE.NS
2015-08-31,377.3999938964844,408.5400085449219,346.3800048828125,375.760009765625,343.2200622558594,11481125,Zydus Lifesciences,India,ZYDUSLIFE.NS
2015-09-30,375.7999877929688,432.0,352.8299865722656,420.2099914550781,383.8208618164062,16281155,Zydus Lifesciences,India,ZYDUSLIFE.NS
2015-10-31,423.0,453.2999877929688,387.5,416.7999877929688,380.7061462402344,18898005,Zydus Lifesciences,India,ZYDUSLIFE.NS
2015-11-30,419.0,437.3999938964844,391.0,401.0499877929688,366.3200378417969,51269208,Zydus Lifesciences,India,ZYDUSLIFE.NS
2015-12-31,403.1000061035156,409.5,320.1000061035156,332.7000122070312,303.8890075683594,52571816,Zydus Lifesciences,India,ZYDUSLIFE.NS
2016-01-31,334.0499877929688,334.2999877929688,295.0,318.7000122070312,291.1014099121094,53253814,Zydus Lifesciences,India,ZYDUSLIFE.NS
2016-02-29,319.8500061035156,336.25,304.0,326.2000122070312,297.9519348144531,26322769,Zydus Lifesciences,India,ZYDUSLIFE.NS
2016-03-31,330.0,349.7999877929688,308.0,320.8500061035156,295.86083984375,22937175,Zydus Lifesciences,India,ZYDUSLIFE.NS
2016-04-30,321.7999877929688,336.9500122070312,304.2000122070312,327.6000061035156,302.0851440429688,13701219,Zydus Lifesciences,India,ZYDUSLIFE.NS
2016-05-31,325.0499877929688,344.3999938964844,315.4500122070312,332.9500122070312,307.0184326171875,15669463,Zydus Lifesciences,India,ZYDUSLIFE.NS
2016-06-30,334.0,335.0,305.0,328.25,302.6844787597656,15011263,Zydus Lifesciences,India,ZYDUSLIFE.NS
2016-07-31,328.7000122070312,383.0,328.7000122070312,352.7000122070312,325.230224609375,22482148,Zydus Lifesciences,India,ZYDUSLIFE.NS
2016-08-31,355.7000122070312,393.0,341.25,375.25,346.0239562988281,22782740,Zydus Lifesciences,India,ZYDUSLIFE.NS
2016-09-30,376.9500122070312,412.5499877929688,355.7999877929688,387.7999877929688,357.5964660644531,14390453,Zydus Lifesciences,India,ZYDUSLIFE.NS
2016-10-31,391.0,429.7999877929688,373.6499938964844,424.5,391.4381103515625,13571304,Zydus Lifesciences,India,ZYDUSLIFE.NS
2016-11-30,419.0,421.0,338.0,399.9500122070312,368.8002319335938,16349980,Zydus Lifesciences,India,ZYDUSLIFE.NS
2016-12-31,398.2999877929688,403.8500061035156,328.7999877929688,356.6499938964844,328.8726196289062,10472465,Zydus Lifesciences,India,ZYDUSLIFE.NS
2017-01-31,357.8999938964844,381.7999877929688,329.3999938964844,352.0499877929688,324.6307983398438,25015323,Zydus Lifesciences,India,ZYDUSLIFE.NS
2017-02-28,350.6000061035156,460.75,348.0,438.6499938964844,404.4860534667969,39996483,Zydus Lifesciences,India,ZYDUSLIFE.NS
2017-03-31,441.9500122070312,456.5,407.8999938964844,442.0,410.4981689453125,22226896,Zydus Lifesciences,India,ZYDUSLIFE.NS
2017-04-30,444.0,466.8500061035156,438.4500122070312,440.25,408.8729248046875,12731952,Zydus Lifesciences,India,ZYDUSLIFE.NS
2017-05-31,440.5,497.0,417.0499877929688,470.9500122070312,437.3849182128906,23482761,Zydus Lifesciences,India,ZYDUSLIFE.NS
2017-06-30,472.6499938964844,558.5,472.6000061035156,525.1500244140625,487.7219543457031,38038098,Zydus Lifesciences,India,ZYDUSLIFE.NS
2017-07-31,525.2999877929688,554.9000244140625,508.1000061035156,540.6500244140625,502.1173400878906,21911519,Zydus Lifesciences,India,ZYDUSLIFE.NS
2017-08-31,542.4000244140625,550.0,435.1000061035156,507.5499877929688,471.3763427734375,29068450,Zydus Lifesciences,India,ZYDUSLIFE.NS
2017-09-30,512.9500122070312,519.4500122070312,451.2000122070312,470.3500061035156,436.8276977539062,25683618,Zydus Lifesciences,India,ZYDUSLIFE.NS
2017-10-31,479.5,511.8999938964844,471.25,496.5499877929688,461.1603698730469,14586960,Zydus Lifesciences,India,ZYDUSLIFE.NS
2017-11-30,500.0,515.0,424.0,425.7999877929688,395.4527282714844,26155977,Zydus Lifesciences,India,ZYDUSLIFE.NS
2017-12-31,425.0,438.8999938964844,401.4500122070312,432.5499877929688,401.7216796875,19765592,Zydus Lifesciences,India,ZYDUSLIFE.NS
2018-01-31,434.0,456.75,414.0499877929688,417.6499938964844,387.8836059570312,17088478,Zydus Lifesciences,India,ZYDUSLIFE.NS
2018-02-28,412.0,434.0499877929688,378.5499877929688,404.0499877929688,375.2528991699219,22508882,Zydus Lifesciences,India,ZYDUSLIFE.NS
2018-03-31,404.25,405.0,362.0,377.8500061035156,350.9202270507812,16595986,Zydus Lifesciences,India,ZYDUSLIFE.NS
2018-04-30,389.2999877929688,415.7000122070312,381.8999938964844,412.3500061035156,382.9613647460938,21786552,Zydus Lifesciences,India,ZYDUSLIFE.NS
2018-05-31,413.5,416.6000061035156,341.2000122070312,353.0,327.84130859375,30362512,Zydus Lifesciences,India,ZYDUSLIFE.NS
2018-06-30,359.0,422.7999877929688,344.0,377.3999938964844,350.5022888183594,36389681,Zydus Lifesciences,India,ZYDUSLIFE.NS
2018-07-31,380.0,399.9500122070312,332.75,377.5,353.8320007324219,31651059,Zydus Lifesciences,India,ZYDUSLIFE.NS
2018-08-31,379.0,406.6000061035156,332.8500061035156,402.75,377.4989624023438,75218684,Zydus Lifesciences,India,ZYDUSLIFE.NS
2018-09-30,406.0,432.5,366.75,396.6499938964844,371.7813415527344,51310770,Zydus Lifesciences,India,ZYDUSLIFE.NS
2018-10-31,398.0,404.0,332.25,359.3999938964844,336.8668212890625,29793895,Zydus Lifesciences,India,ZYDUSLIFE.NS
2018-11-30,360.0,375.3999938964844,341.6499938964844,365.2999877929688,342.3969116210938,19369559,Zydus Lifesciences,India,ZYDUSLIFE.NS
2018-12-31,369.0,369.0,336.1499938964844,350.0499877929688,328.10302734375,20191022,Zydus Lifesciences,India,ZYDUSLIFE.NS
2019-01-31,348.5,359.75,314.3999938964844,323.6000061035156,303.3113403320312,20355274,Zydus Lifesciences,India,ZYDUSLIFE.NS
2019-02-28,323.5,334.5,305.9500122070312,323.2000122070312,302.9364624023438,28755360,Zydus Lifesciences,India,ZYDUSLIFE.NS
2019-03-31,320.0,352.6000061035156,320.0,344.25,322.6666564941406,22759537,Zydus Lifesciences,India,ZYDUSLIFE.NS
2019-04-30,346.2999877929688,350.0,320.5,325.4500122070312,305.04541015625,14955536,Zydus Lifesciences,India,ZYDUSLIFE.NS
2019-05-31,323.8500061035156,324.2999877929688,241.75,248.0,232.4512023925781,101644163,Zydus Lifesciences,India,ZYDUSLIFE.NS
2019-06-30,249.0,260.25,223.1499938964844,240.3500061035156,225.2808532714844,48092099,Zydus Lifesciences,India,ZYDUSLIFE.NS
2019-07-31,240.1000061035156,247.3999938964844,216.3000030517578,226.3000030517578,215.3959350585938,29596024,Zydus Lifesciences,India,ZYDUSLIFE.NS
2019-08-31,225.25,236.1000061035156,206.5,225.25,214.3965148925781,35852596,Zydus Lifesciences,India,ZYDUSLIFE.NS
2019-09-30,224.8000030517578,255.1999969482422,223.0500030517578,234.1499938964844,222.8676910400391,28069258,Zydus Lifesciences,India,ZYDUSLIFE.NS
2019-10-31,233.0,261.7000122070312,223.9499969482422,255.5,243.18896484375,16453907,Zydus Lifesciences,India,ZYDUSLIFE.NS
2019-11-30,256.8999938964844,265.6000061035156,220.0,254.1499938964844,241.9039916992188,37216314,Zydus Lifesciences,India,ZYDUSLIFE.NS
2019-12-31,254.0,271.0,251.75,254.25,241.9991760253906,36065465,Zydus Lifesciences,India,ZYDUSLIFE.NS
2020-01-31,255.3999938964844,279.0,253.0500030517578,265.5499877929688,252.7546844482422,33741586,Zydus Lifesciences,India,ZYDUSLIFE.NS
2020-02-29,258.7999877929688,288.6000061035156,254.25,260.0499877929688,247.5196838378906,33982095,Zydus Lifesciences,India,ZYDUSLIFE.NS
2020-03-31,260.0499877929688,305.8999938964844,202.0,263.8500061035156,254.2502593994141,63982078,Zydus Lifesciences,India,ZYDUSLIFE.NS
2020-04-30,263.8500061035156,374.0,258.2999877929688,323.9500122070312,312.1636352539062,186638098,Zydus Lifesciences,India,ZYDUSLIFE.NS
2020-05-31,323.9500122070312,353.0,318.0,349.5499877929688,336.8321838378906,103094832,Zydus Lifesciences,India,ZYDUSLIFE.NS
2020-06-30,350.8999938964844,383.6000061035156,347.0499877929688,348.7000122070312,336.0130920410156,97640689,Zydus Lifesciences,India,ZYDUSLIFE.NS
2020-07-31,350.0,396.4500122070312,350.0,388.3999938964844,374.2686767578125,97337593,Zydus Lifesciences,India,ZYDUSLIFE.NS
2020-08-31,396.0,411.5,366.5,378.1000061035156,364.3434448242188,119885124,Zydus Lifesciences,India,ZYDUSLIFE.NS
2020-09-30,380.1000061035156,423.0,358.0,398.25,383.7603149414062,110533267,Zydus Lifesciences,India,ZYDUSLIFE.NS
2020-10-31,401.0,447.8999938964844,395.7999877929688,417.7000122070312,402.5026550292969,96342920,Zydus Lifesciences,India,ZYDUSLIFE.NS
2020-11-30,418.0,464.0,404.0,453.6499938964844,437.1446838378906,132942301,Zydus Lifesciences,India,ZYDUSLIFE.NS
2020-12-31,453.0,499.25,428.9500122070312,478.3999938964844,460.9941711425781,83086642,Zydus Lifesciences,India,ZYDUSLIFE.NS
2021-01-31,494.0,509.2000122070312,442.0499877929688,455.7999877929688,439.2164611816406,64157686,Zydus Lifesciences,India,ZYDUSLIFE.NS
2021-02-28,459.3999938964844,488.9500122070312,421.0,435.2999877929688,419.4623107910156,68228967,Zydus Lifesciences,India,ZYDUSLIFE.NS
2021-03-31,437.3500061035156,453.5,408.3500061035156,441.7999877929688,425.7257995605469,37115836,Zydus Lifesciences,India,ZYDUSLIFE.NS
2021-04-30,444.7999877929688,605.0,434.4500122070312,571.1500244140625,550.36962890625,266428418,Zydus Lifesciences,India,ZYDUSLIFE.NS
2021-05-31,574.9500122070312,673.7000122070312,565.5,619.4500122070312,596.9124145507812,210607223,Zydus Lifesciences,India,ZYDUSLIFE.NS
2021-06-30,618.7000122070312,668.9000244140625,603.5999755859375,639.2000122070312,615.9437866210938,108500451,Zydus Lifesciences,India,ZYDUSLIFE.NS
2021-07-31,643.75,651.9000244140625,570.4500122070312,586.0999755859375,568.0964965820312,58530458,Zydus Lifesciences,India,ZYDUSLIFE.NS
2021-08-31,590.0,596.7999877929688,521.5499877929688,552.3499755859375,535.3831787109375,86695090,Zydus Lifesciences,India,ZYDUSLIFE.NS
2021-09-30,554.0,570.9000244140625,533.5499877929688,555.7000122070312,538.6303100585938,36770898,Zydus Lifesciences,India,ZYDUSLIFE.NS
2021-10-31,560.0,573.2000122070312,489.4500122070312,501.4500122070312,486.0467224121094,33111119,Zydus Lifesciences,India,ZYDUSLIFE.NS
2021-11-30,503.0,509.9500122070312,451.0,454.2000122070312,440.2481384277344,43576978,Zydus Lifesciences,India,ZYDUSLIFE.NS
2021-12-31,456.0,486.5499877929688,436.2999877929688,483.1499938964844,468.308837890625,48382326,Zydus Lifesciences,India,ZYDUSLIFE.NS
2022-01-31,485.2999877929688,486.8500061035156,380.25,406.7000122070312,394.2072143554688,51285202,Zydus Lifesciences,India,ZYDUSLIFE.NS
2022-02-28,411.9500122070312,420.5499877929688,342.8500061035156,360.3999938964844,349.3294067382812,36191176,Zydus Lifesciences,India,ZYDUSLIFE.NS
2022-03-31,357.1000061035156,378.6000061035156,331.5499877929688,354.3999938964844,343.5137023925781,29715492,Zydus Lifesciences,India,ZYDUSLIFE.NS
2022-04-30,356.0,376.7000122070312,337.5499877929688,352.1000061035156,341.2843627929688,17623364,Zydus Lifesciences,India,ZYDUSLIFE.NS
2022-05-31,349.0,381.7999877929688,319.0,372.6499938964844,361.203125,44152732,Zydus Lifesciences,India,ZYDUSLIFE.NS
2022-06-30,371.0499877929688,373.6000061035156,329.7999877929688,361.2999877929688,350.2017822265625,17495552,Zydus Lifesciences,India,ZYDUSLIFE.NS
2022-07-31,361.2999877929688,380.2999877929688,340.0,350.1499938964844,341.8258056640625,24909440,Zydus Lifesciences,India,ZYDUSLIFE.NS
2022-08-31,350.0,401.75,342.75,372.5,363.6445007324219,34985670,Zydus Lifesciences,India,ZYDUSLIFE.NS
2022-09-30,374.3999938964844,388.2000122070312,350.25,386.8999938964844,377.7021484375,24306444,Zydus Lifesciences,India,ZYDUSLIFE.NS
2022-10-31,388.7999877929688,443.0,388.0,433.0499877929688,422.7550048828125,34717791,Zydus Lifesciences,India,ZYDUSLIFE.NS
2022-11-30,433.3500061035156,454.0499877929688,390.0,411.1499938964844,401.3756713867188,25740715,Zydus Lifesciences,India,ZYDUSLIFE.NS
2022-12-31,410.3999938964844,430.0,403.2000122070312,419.9500122070312,409.9664611816406,18870515,Zydus Lifesciences,India,ZYDUSLIFE.NS
2023-01-31,419.8500061035156,459.0,414.1499938964844,435.4500122070312,425.0979614257812,25534772,Zydus Lifesciences,India,ZYDUSLIFE.NS
2023-02-28,434.0,482.25,426.6000061035156,473.5499877929688,462.2922058105469,26204624,Zydus Lifesciences,India,ZYDUSLIFE.NS
2023-03-31,474.0,494.8999938964844,461.4500122070312,491.5499877929688,479.8642883300781,18510229,Zydus Lifesciences,India,ZYDUSLIFE.NS
2023-04-30,498.0,524.2999877929688,486.0,519.9000244140625,507.5403137207031,16190382,Zydus Lifesciences,India,ZYDUSLIFE.NS
2023-05-31,519.9000244140625,530.8499755859375,484.9500122070312,513.4000244140625,501.1948547363281,23277792,Zydus Lifesciences,India,ZYDUSLIFE.NS
2023-06-30,513.5,589.0999755859375,504.0,583.0499877929688,569.1890258789062,25545177,Zydus Lifesciences,India,ZYDUSLIFE.NS
2023-07-31,586.9500122070312,656.7000122070312,571.0999755859375,633.9000244140625,624.6002197265625,18858615,Zydus Lifesciences,India,ZYDUSLIFE.NS
2023-08-31,633.9500122070312,668.75,612.5999755859375,613.9500122070312,604.94287109375,27286790,Zydus Lifesciences,India,ZYDUSLIFE.NS
2023-09-30,615.9500122070312,653.9000244140625,589.1500244140625,615.0,605.9774169921875,25149709,Zydus Lifesciences,India,ZYDUSLIFE.NS
2023-10-31,616.4000244140625,618.0,567.75,575.4000244140625,566.9584350585938,20769357,Zydus Lifesciences,India,ZYDUSLIFE.NS
2023-11-30,578.9000244140625,649.0499877929688,571.5499877929688,639.7000122070312,630.3150634765625,23091323,Zydus Lifesciences,India,ZYDUSLIFE.NS
2023-12-31,648.0,707.2000122070312,630.0,699.1500244140625,688.8928833007812,36989615,Zydus Lifesciences,India,ZYDUSLIFE.NS
2024-01-31,707.4500122070312,766.9500122070312,686.0,759.5499877929688,748.4067993164062,22664751,Zydus Lifesciences,India,ZYDUSLIFE.NS
2024-02-29,760.0,953.6500244140625,752.0,925.3499755859375,911.7743530273438,31187401,Zydus Lifesciences,India,ZYDUSLIFE.NS
2024-03-31,921.7000122070312,1031.699951171875,921.7000122070312,999.7999877929688,985.132080078125,23668709,Zydus Lifesciences,India,ZYDUSLIFE.NS
2024-04-30,1004.799987792969,1013.549987792969,913.2000122070312,953.5499877929688,939.5606689453125,25611946,Zydus Lifesciences,India,ZYDUSLIFE.NS
2024-05-31,959.9000244140625,1172.5,951.0499877929688,1000.150024414062,985.4769897460938,40642016,Zydus Lifesciences,India,ZYDUSLIFE.NS
2024-06-30,1045.0,1111.800048828125,933.7999877929688,1067.300048828125,1051.641845703125,30496931,Zydus Lifesciences,India,ZYDUSLIFE.NS
2024-07-31,1075.0,1265.0,1059.0,1241.400024414062,1226.238525390625,36152326,Zydus Lifesciences,India,ZYDUSLIFE.NS
2024-08-31,1233.449951171875,1324.300048828125,1105.099975585938,1127.900024414062,1114.124633789062,88080567,Zydus Lifesciences,India,ZYDUSLIFE.NS
2024-09-30,1127.0,1139.949951171875,1038.550048828125,1080.349975585938,1067.155395507812,35449317,Zydus Lifesciences,India,ZYDUSLIFE.NS
2024-10-31,1087.25,1087.25,977.0,1004.0,991.7378540039062,24698727,Zydus Lifesciences,India,ZYDUSLIFE.NS
2024-11-30,1008.0,1011.650024414062,933.0,965.9500122070312,954.1526489257812,20721392,Zydus Lifesciences,India,ZYDUSLIFE.NS
2024-12-31,965.9500122070312,1000.0,952.5,973.7999877929688,961.90673828125,23492236,Zydus Lifesciences,India,ZYDUSLIFE.NS
2025-01-31,978.4000244140625,1027.949951171875,891.1500244140625,975.7999877929688,963.88232421875,27160755,Zydus Lifesciences,India,ZYDUSLIFE.NS
2025-02-28,972.0,1026.550048828125,855.0999755859375,876.5999755859375,865.893798828125,28147674,Zydus Lifesciences,India,ZYDUSLIFE.NS
2025-03-31,879.0,939.5,859.5,877.5,866.7828369140625,23694142,Zydus Lifesciences,India,ZYDUSLIFE.NS
2025-04-30,870.25,949.6500244140625,795.0,888.25,877.401611328125,41452042,Zydus Lifesciences,India,ZYDUSLIFE.NS
2025-05-31,887.0,934.0,859.0,930.0,918.6417236328125,21978177,Zydus Lifesciences,India,ZYDUSLIFE.NS
2025-06-30,933.9500122070312,1004.599975585938,917.0499877929688,1002.5,990.2562255859375,22421267,Zydus Lifesciences,India,ZYDUSLIFE.NS
2025-07-31,1005.700012207031,1015.0,946.3499755859375,949.0499877929688,948.1979370117188,20626732,Zydus Lifesciences,India,ZYDUSLIFE.NS
2025-08-31,949.9500122070312,1029.5,919.0499877929688,991.0499877929688,990.1602172851562,19525722,Zydus Lifesciences,India,ZYDUSLIFE.NS
2025-09-30,991.0499877929688,1059.050048828125,972.7000122070312,991.1500244140625,990.2601318359375,21575293,Zydus Lifesciences,India,ZYDUSLIFE.NS
2025-10-31,996.0,1017.150024414062,973.5,974.4500122070312,973.5751342773438,15490488,Zydus Lifesciences,India,ZYDUSLIFE.NS
2025-11-30,970.5,998.0,920.5,936.4500122070312,935.6092529296875,21589852,Zydus Lifesciences,India,ZYDUSLIFE.NS
2025-12-31,932.4000244140625,947.0,896.75,915.0499877929688,914.2284545898438,14202867,Zydus Lifesciences,India,ZYDUSLIFE.NS
2026-01-31,918.8499755859375,941.0,855.9500122070312,885.2999877929688,884.505126953125,10807559,Zydus Lifesciences,India,ZYDUSLIFE.NS
2026-02-28,876.2999877929688,947.5499877929688,863.6500244140625,921.7000122070312,920.8724975585938,16153388,Zydus Lifesciences,India,ZYDUSLIFE.NS
2026-03-31,893.6500244140625,936.1500244140625,857.0999755859375,863.2000122070312,862.4249877929688,12822479,Zydus Lifesciences,India,ZYDUSLIFE.NS
2026-04-30,860.0,962.9000244140625,835.5,891.9000244140625,891.0992431640625,14222411,Zydus Lifesciences,India,ZYDUSLIFE.NS
2026-05-31,895.0,1115.5,893.1500244140625,1091.199951171875,1090.22021484375,49343890,Zydus Lifesciences,India,ZYDUSLIFE.NS
2026-06-30,1082.0,1128.5,1048.900024414062,1109.199951171875,1108.2041015625,27375974,Zydus Lifesciences,India,ZYDUSLIFE.NS
2026-07-31,1114.099975585938,1181.5,1095.099975585938,1126.800048828125,1126.800048828125,26088904,Zydus Lifesciences,India,ZYDUSLIFE.NS
2026-08-31,1135.0,1205.0,1093.199951171875,1104.5,1104.5,25899182,Zydus Lifesciences,India,ZYDUSLIFE.NS
