Date,Open,High,Low,Close,Volume,Adj_Close,Company,Country,Ticker
2014-01-03,71.881721496582,72.0250930786132,70.3763427734375,70.8871002197265,2745024,44.526741027832,Novartis,Switzerland,NVS
2014-01-10,71.0483856201171,72.9121856689453,70.9229354858398,72.8853073120117,10468304,45.7818870544433,Novartis,Switzerland,NVS
2014-01-17,72.5268783569336,73.3691787719726,71.9802856445312,72.7419357299804,6736734,45.6918296813964,Novartis,Switzerland,NVS
2014-01-24,72.9211502075195,73.4946212768554,71.3709716796875,71.5412216186523,8419774,44.9376182556152,Novartis,Switzerland,NVS
2014-01-31,71.2007141113281,71.684585571289,70.2777786254882,70.8512573242187,15262974,44.5042190551757,Novartis,Switzerland,NVS
2014-02-07,71.5680999755859,72.5179214477539,69.802864074707,72.5089645385742,11256087,45.545482635498,Novartis,Switzerland,NVS
2014-02-14,71.8906784057617,74.3189926147461,71.7741928100586,74.3189926147461,13213552,46.6824378967285,Novartis,Switzerland,NVS
2014-02-21,74.0143356323242,74.4623641967773,73.1989212036132,74.0591430664062,11826252,46.5192070007324,Novartis,Switzerland,NVS
2014-02-28,74.5609283447265,75.5645141601562,73.6379928588867,74.5340499877929,12319748,48.3951110839843,Novartis,Switzerland,NVS
2014-03-07,73.5573501586914,75.600357055664,72.6881713867187,74.4982070922851,10163970,48.3718338012695,Novartis,Switzerland,NVS
2014-03-14,74.4892501831054,74.7670288085937,72.9749069213867,73.1093215942382,7824722,47.4700241088867,Novartis,Switzerland,NVS
2014-03-21,73.2347640991211,74.5430145263671,72.2580642700195,73.2347640991211,6939288,47.5514755249023,Novartis,Switzerland,NVS
2014-03-28,73.2706069946289,73.6738357543945,72.3745498657226,73.1093215942382,6892528,47.4700241088867,Novartis,Switzerland,NVS
2014-04-04,75.931900024414,76.3709716796875,73.7276000976562,73.9336929321289,8791401,48.0052947998046,Novartis,Switzerland,NVS
2014-04-11,74.0680999755859,75.8512573242187,73.718635559082,74.0770645141601,10052481,48.0983848571777,Novartis,Switzerland,NVS
2014-04-18,74.6236572265625,76.0663070678711,74.2562713623046,75.8691787719726,7715020,49.2620086669921,Novartis,Switzerland,NVS
2014-04-25,75.9050216674804,77.9301071166992,75.0089645385742,75.6899642944336,10600326,49.1456451416015,Novartis,Switzerland,NVS
2014-05-02,76.7921142578125,78.6290283203125,75.6810073852539,78.2795715332031,9606863,50.8270721435546,Novartis,Switzerland,NVS
2014-05-09,78.1182785034179,79.4713287353515,77.9121856689453,79.2204284667968,10992711,51.4379653930664,Novartis,Switzerland,NVS
2014-05-16,79.4802856445312,80.6541213989257,79.1308212280273,80.5376358032226,15121019,52.2932472229003,Novartis,Switzerland,NVS
2014-05-23,80.0985641479492,81.0035858154296,79.5071716308593,80.8333358764648,12539822,52.4852447509765,Novartis,Switzerland,NVS
2014-05-30,80.8602142333984,81.0304641723632,80.0716857910156,80.6989212036132,10101251,52.397964477539,Novartis,Switzerland,NVS
2014-06-06,79.802864074707,79.9372787475586,78.9964141845703,79.7580642700195,9340920,51.78706741333,Novartis,Switzerland,NVS
2014-06-13,79.847671508789,81.1200714111328,79.6505355834961,80.0537643432617,6502151,51.9790611267089,Novartis,Switzerland,NVS
2014-06-20,80.7706069946289,81.6218643188476,80.2598571777343,81.5233001708984,4924237,52.933235168457,Novartis,Switzerland,NVS
2014-06-27,81.1111145019531,81.4426498413086,80.268814086914,80.9856643676757,5345417,52.5841445922851,Novartis,Switzerland,NVS
2014-07-04,81.1200714111328,82.1326141357421,80.8333358764648,81.9265213012695,3511828,53.1950492858886,Novartis,Switzerland,NVS
2014-07-11,81.0215072631836,81.1379928588867,79.5609283447265,80.2150573730468,6301048,52.0837974548339,Novartis,Switzerland,NVS
2014-07-18,80.8512573242187,81.3172073364257,78.9695358276367,79.5878143310546,7041624,51.6765251159668,Novartis,Switzerland,NVS
2014-07-25,79.2562713623046,80.1164855957031,79.0412216186523,79.2204284667968,4944885,51.4379653930664,Novartis,Switzerland,NVS
2014-08-01,78.9964141845703,79.4175643920898,77.1415786743164,77.8673858642578,6133648,50.5594482421875,Novartis,Switzerland,NVS
2014-08-08,78.2168426513671,78.2168426513671,75.6451644897461,76.4784927368164,5776974,49.6576385498046,Novartis,Switzerland,NVS
2014-08-15,77.1595001220703,78.7276000976562,76.6935501098632,77.8942642211914,4846008,50.576904296875,Novartis,Switzerland,NVS
2014-08-22,78.1630783081054,80.0627212524414,78.1630783081054,79.7042999267578,5155362,51.7521591186523,Novartis,Switzerland,NVS
2014-08-29,79.5967712402343,80.8960571289062,79.5967712402343,80.5017929077148,5723183,52.2699661254882,Novartis,Switzerland,NVS
2014-09-05,83.2885284423828,84.8207855224609,83.0914001464843,83.5752716064453,11317022,54.2655906677246,Novartis,Switzerland,NVS
2014-09-12,83.5663070678711,84.6326141357421,83.3960571289062,84.0143356323242,5818043,54.550682067871,Novartis,Switzerland,NVS
2014-09-19,83.9068069458007,85.5734786987304,83.8261642456054,84.1397857666015,6449587,54.6321296691894,Novartis,Switzerland,NVS
2014-09-26,84.5967712402343,84.6415786743164,83.0645141601562,83.4946212768554,10028264,54.2132301330566,Novartis,Switzerland,NVS
2014-10-03,83.7992858886718,84.802864074707,82.347671508789,82.768814086914,9037813,53.7419509887695,Novartis,Switzerland,NVS
2014-10-10,82.7867355346679,83.1272430419921,78.5752716064453,78.5752716064453,8427921,51.0190811157226,Novartis,Switzerland,NVS
2014-10-17,79.3906784057617,79.5698928833007,75.4211502075195,77.6254501342773,11675816,50.4023666381835,Novartis,Switzerland,NVS
2014-10-24,77.5806427001953,80.8871002197265,77.5,80.7795715332031,6921320,52.4503326416015,Novartis,Switzerland,NVS
2014-10-31,80.5376358032226,83.2706069946289,80.4838714599609,83.0555572509765,6067358,53.9281387329101,Novartis,Switzerland,NVS
2014-11-07,82.1953430175781,83.2706069946289,81.7025070190429,82.2222213745117,5285600,53.3870506286621,Novartis,Switzerland,NVS
2014-11-14,82.7150573730468,84.7670288085937,82.3387069702148,84.184585571289,5568952,54.6612281799316,Novartis,Switzerland,NVS
2014-11-21,84.3189926147461,86.0394287109375,84.2652359008789,85.1075286865234,6117354,55.2604904174804,Novartis,Switzerland,NVS
2014-11-28,84.9820785522461,86.8906784057617,84.7401428222656,86.6039428710937,4245041,56.2321166992187,Novartis,Switzerland,NVS
2014-12-05,86.7831573486328,86.8279571533203,85.0358428955078,85.8691787719726,8056181,55.7550315856933,Novartis,Switzerland,NVS
2014-12-12,85.7437286376953,86.0483856201171,83.7992858886718,83.7992858886718,6893979,54.411033630371,Novartis,Switzerland,NVS
2014-12-19,83.4229354858398,85.1254501342773,81.6397857666015,84.7759857177734,8377254,55.0452194213867,Novartis,Switzerland,NVS
2014-12-26,85.3673858642578,85.6093215942382,83.1989212036132,84.3189926147461,4545021,54.7484893798828,Novartis,Switzerland,NVS
2015-01-02,84.3100357055664,84.516128540039,82.4462356567382,82.6612930297851,3929882,53.6721382141113,Novartis,Switzerland,NVS
2015-01-09,83.718635559082,86.747314453125,81.5233001708984,86.1290283203125,8816959,55.9237403869628,Novartis,Switzerland,NVS
2015-01-16,86.0215072631836,90.6899642944336,85.2957000732421,90.4569854736328,27707044,58.733901977539,Novartis,Switzerland,NVS
2015-01-23,91.8727569580078,91.9265213012695,85.8960571289062,86.8010787963867,15553915,56.3601188659668,Novartis,Switzerland,NVS
2015-01-30,87.83154296875,89.1935501098632,86.0663070678711,87.2759857177734,14677743,56.668472290039,Novartis,Switzerland,NVS
2015-02-06,87.1326141357421,89.3727569580078,86.3351287841796,88.4856643676757,11577161,57.4539184570312,Novartis,Switzerland,NVS
2015-02-13,91.6308212280273,92.7419357299804,89.9462356567382,91.5770645141601,13454607,59.4611625671386,Novartis,Switzerland,NVS
2015-02-20,91.5053787231445,92.1326141357421,90.6093215942382,91.9354858398437,5326780,59.6938819885253,Novartis,Switzerland,NVS
2015-02-27,92.5447998046875,92.6523284912109,91.4426498413086,91.7562713623046,6431954,59.5775299072265,Novartis,Switzerland,NVS
2015-03-06,89.4444427490234,90.0089645385742,87.2401428222656,87.3297500610351,7010377,58.3073997497558,Novartis,Switzerland,NVS
2015-03-13,87.2849426269531,87.965950012207,85.7885284423828,86.9534072875976,11847567,58.0561332702636,Novartis,Switzerland,NVS
2015-03-20,87.16845703125,91.6397857666015,86.9623641967773,91.1111145019531,8261860,60.8320960998535,Novartis,Switzerland,NVS
2015-03-27,91.6756286621093,92.3655929565429,88.7544784545898,89.9641571044921,7224761,60.0663146972656,Novartis,Switzerland,NVS
2015-04-03,89.9462356567382,91.0035858154296,88.3602142333984,89.4085998535156,5990576,59.6953735351562,Novartis,Switzerland,NVS
2015-04-10,89.3727569580078,93.0107498168945,89.184585571289,92.8136215209961,7560677,61.9688148498535,Novartis,Switzerland,NVS
2015-04-17,91.9982070922851,92.965950012207,91.2813644409179,91.8100357055664,6842083,61.2987518310546,Novartis,Switzerland,NVS
2015-04-24,91.8189926147461,94.8207855224609,91.4874572753906,93.4408569335937,7485570,62.3876075744628,Novartis,Switzerland,NVS
2015-05-01,94.0770645141601,94.5340499877929,91.0752716064453,92.6075286865234,7414146,61.8312072753906,Novartis,Switzerland,NVS
2015-05-08,92.5358428955078,93.431900024414,90.7078857421875,92.2222213745117,6567325,61.5739402770996,Novartis,Switzerland,NVS
2015-05-15,91.3172073364257,93.3781356811523,91.2992858886718,92.965950012207,5769609,62.0705299377441,Novartis,Switzerland,NVS
2015-05-22,93.5125427246093,94.1756286621093,92.3387069702148,93.0555572509765,5457463,62.1303482055664,Novartis,Switzerland,NVS
2015-05-29,92.3835144042968,93.6917572021484,91.1917572021484,92.0519714355468,5306135,61.4602851867675,Novartis,Switzerland,NVS
2015-06-05,93.0376358032226,93.5304641723632,90.1881713867187,90.9139785766601,5404565,60.7004814147949,Novartis,Switzerland,NVS
2015-06-12,90.7795715332031,92.2759857177734,89.7849426269531,91.2365570068359,5336489,60.9158592224121,Novartis,Switzerland,NVS
2015-06-19,88.9068069458007,91.4068069458007,88.7455215454101,89.7759857177734,8614627,59.9406776428222,Novartis,Switzerland,NVS
2015-06-26,91.2455215454101,92.3835144042968,89.3010787963867,89.5340499877929,6326827,59.7791366577148,Novartis,Switzerland,NVS
2015-07-03,89.3638000488281,89.5788497924804,87.679214477539,89.4265213012695,19610128,59.707347869873,Novartis,Switzerland,NVS
2015-07-10,87.3924713134765,93.1451644897461,87.2670288085937,92.4910354614257,11485202,61.753433227539,Novartis,Switzerland,NVS
2015-07-17,93.7096786499023,95.0716857910156,92.965950012207,94.8118286132812,10227358,63.3029594421386,Novartis,Switzerland,NVS
2015-07-24,95.6361999511718,95.7347640991211,90.5017929077148,91.218635559082,13736955,60.9038963317871,Novartis,Switzerland,NVS
2015-07-31,91.8279571533203,93.8620071411132,90.7706069946289,92.965950012207,7851171,62.0705299377441,Novartis,Switzerland,NVS
2015-08-07,93.6111145019531,93.6469497680664,90.7795715332031,91.5860214233398,9498834,61.1491928100585,Novartis,Switzerland,NVS
2015-08-14,91.5680999755859,92.5089645385742,90.2508926391601,91.8279571533203,5863352,61.3107109069824,Novartis,Switzerland,NVS
2015-08-21,91.8727569580078,92.8136215209961,87.3924713134765,87.4193572998046,6539313,58.3672256469726,Novartis,Switzerland,NVS
2015-08-28,84.9641571044921,88.6827926635742,82.4462356567382,88.1272430419921,18961510,58.8398628234863,Novartis,Switzerland,NVS
2015-09-04,87.8046569824218,88.0555572509765,84.0591430664062,84.7222213745117,13299483,56.5664253234863,Novartis,Switzerland,NVS
2015-09-11,86.0035858154296,87.9121856689453,85.2419357299804,86.5143356323242,6118470,57.7629776000976,Novartis,Switzerland,NVS
2015-09-18,85.7706069946289,88.6648712158203,85.2240142822265,86.6039428710937,7074102,57.8228073120117,Novartis,Switzerland,NVS
2015-09-25,87.3207855224609,87.4820785522461,81.4068069458007,81.8189926147461,13166009,54.6280441284179,Novartis,Switzerland,NVS
2015-10-02,82.9928283691406,83.5752716064453,79.6505355834961,83.5752716064453,10229813,55.8006515502929,Novartis,Switzerland,NVS
2015-10-09,84.0143356323242,84.6774215698242,81.7114715576171,82.347671508789,12066416,54.9810142517089,Novartis,Switzerland,NVS
2015-10-16,82.1057357788086,85.2240142822265,81.4964141845703,85.1523284912109,8139769,56.8536033630371,Novartis,Switzerland,NVS
2015-10-23,84.7222213745117,84.7939071655273,81.2813644409179,83.3154144287109,9526063,55.6271476745605,Novartis,Switzerland,NVS
2015-10-30,82.768814086914,83.3333358764648,80.5734786987304,81.0304641723632,10516738,54.1015701293945,Novartis,Switzerland,NVS
2015-11-06,81.2544784545898,81.6756286621093,79.9552001953125,80.3136215209961,8691519,53.6229438781738,Novartis,Switzerland,NVS
2015-11-13,79.4354858398437,79.7670288085937,76.8638000488281,77.3118286132812,9193050,51.6187400817871,Novartis,Switzerland,NVS
2015-11-20,77.6075286865234,79.8835144042968,77.5358428955078,79.1666641235351,10622758,52.8571548461914,Novartis,Switzerland,NVS
2015-11-27,78.2347640991211,78.4856643676757,76.8010787963867,76.9175643920898,7116063,51.3555068969726,Novartis,Switzerland,NVS
2015-12-04,76.8369216918945,77.3566284179687,75.5197143554687,77.2580642700195,11996889,51.5828437805175,Novartis,Switzerland,NVS
2015-12-11,77.2401428222656,77.3387069702148,74.9641571044921,75.7347640991211,14035150,50.5657806396484,Novartis,Switzerland,NVS
2015-12-18,75.8781356811523,77.6702499389648,75.0537643432617,75.9587783813476,10814932,50.7153587341308,Novartis,Switzerland,NVS
2015-12-25,76.4426498413086,77.83154296875,75.4569854736328,77.4820785522461,6564647,51.7324104309082,Novartis,Switzerland,NVS
2016-01-01,78.1899642944336,79.2921142578125,77.0788497924804,77.0967712402343,6897438,51.4751625061035,Novartis,Switzerland,NVS
2016-01-08,76.6935501098632,77.2939071655273,72.9211502075195,73.0824356079101,13526143,48.7948989868164,Novartis,Switzerland,NVS
2016-01-15,73.5035858154296,74.4175643920898,71.3172073364257,71.8906784057617,13919199,47.9992027282714,Novartis,Switzerland,NVS
2016-01-22,73.1451644897461,73.8620071411132,70.5286712646484,73.6917572021484,10789041,49.201732635498,Novartis,Switzerland,NVS
2016-01-29,73.0824356079101,74.1577072143554,67.7777786254882,69.8655929565429,18249948,46.6471214294433,Novartis,Switzerland,NVS
2016-02-05,69.2831573486328,69.5250930786132,66.2813644409179,66.6039428710937,12879533,44.4694175720214,Novartis,Switzerland,NVS
2016-02-12,65.3584213256836,66.415771484375,64.1128997802734,65.1433715820312,14237370,43.4942359924316,Novartis,Switzerland,NVS
2016-02-19,65.1075286865234,66.7114715576171,64.9372787475586,66.0483856201171,13432510,44.0984840393066,Novartis,Switzerland,NVS
2016-02-26,66.2723999023437,66.7204284667968,63.2974891662597,64.5430145263671,14190945,44.7724342346191,Novartis,Switzerland,NVS
2016-03-04,64.0322570800781,65.8691787719726,63.6738357543945,64.6953430175781,13477375,44.8781051635742,Novartis,Switzerland,NVS
2016-03-11,64.2652359008789,66.7293930053711,64.1397857666015,66.7025070190429,11368356,46.2704429626464,Novartis,Switzerland,NVS
2016-03-18,66.4247283935546,66.4874572753906,64.5340499877929,65.1254501342773,13536299,45.1764640808105,Novartis,Switzerland,NVS
2016-03-25,65.4569854736328,67.0878143310546,65.3136215209961,65.6810073852539,8612396,45.5618438720703,Novartis,Switzerland,NVS
2016-04-01,65.8602142333984,65.9587783813476,62.6344108581543,63.9784965515136,14458673,44.3808326721191,Novartis,Switzerland,NVS
2016-04-08,65.0089645385742,67.7777786254882,64.4892501831054,67.4014358520507,13607276,46.755271911621,Novartis,Switzerland,NVS
2016-04-15,67.6881713867187,68.297492980957,66.4068069458007,67.7867355346679,9674493,47.0225601196289,Novartis,Switzerland,NVS
2016-04-22,67.9480285644531,69.3369216918945,67.9121856689453,68.5304641723632,12269861,47.5384674072265,Novartis,Switzerland,NVS
2016-04-29,69.0591430664062,69.2741928100586,67.7777786254882,68.0734786987304,15884362,47.2214622497558,Novartis,Switzerland,NVS
2016-05-06,68.4946212768554,68.8620071411132,64.9372787475586,65.4569854736328,13489762,45.4064445495605,Novartis,Switzerland,NVS
2016-05-13,66.3082427978515,67.7508926391601,66.2455215454101,66.9623641967773,9759755,46.4507026672363,Novartis,Switzerland,NVS
2016-05-20,66.8369216918945,68.3691787719726,66.6128997802734,67.9121856689453,10017662,47.1095733642578,Novartis,Switzerland,NVS
2016-05-27,69.7311859130859,72.0250930786132,69.4534072875976,71.7831573486328,13290779,49.7948036193847,Novartis,Switzerland,NVS
2016-06-03,71.7831573486328,72.7060928344726,70.8960571289062,72.5358428955078,8248468,50.3169403076171,Novartis,Switzerland,NVS
2016-06-10,72.6254501342773,73.4498214721679,70.4480285644531,70.7347640991211,7266163,49.0675544738769,Novartis,Switzerland,NVS
2016-06-17,69.6595001220703,70.1433715820312,67.4552001953125,69.8118286132812,11473149,48.4273338317871,Novartis,Switzerland,NVS
2016-06-24,71.4784927368164,72.3297500610351,69.0680999755859,69.0860214233398,13774899,47.923843383789,Novartis,Switzerland,NVS
2016-07-01,69.7759857177734,74.2204284667968,68.6021499633789,74.1128997802734,10714046,51.4109077453613,Novartis,Switzerland,NVS
2016-07-08,73.2795715332031,73.763442993164,72.4462356567382,73.5931930541992,5976403,51.0504035949707,Novartis,Switzerland,NVS
2016-07-15,73.9605712890625,74.0591430664062,72.9928283691406,73.1272430419921,6728028,50.7271766662597,Novartis,Switzerland,NVS
2016-07-22,73.4050216674804,74.8924713134765,72.7957000732421,74.8297500610351,7500747,51.9081764221191,Novartis,Switzerland,NVS
2016-07-29,74.6863784790039,74.8387069702148,73.0914001464843,74.6057357788086,7458675,51.7527847290039,Novartis,Switzerland,NVS
2016-08-05,73.9336929321289,74.7849426269531,73.2795715332031,74.4802856445312,6358411,51.6657562255859,Novartis,Switzerland,NVS
2016-08-12,73.7723999023437,74.3548355102539,73.3871002197265,73.5483856201171,5691711,51.0193099975585,Novartis,Switzerland,NVS
2016-08-19,73.5304641723632,74.0949783325195,72.6433715820312,72.8853073120117,5301223,50.5593528747558,Novartis,Switzerland,NVS
2016-08-26,72.3387069702148,73.6200714111328,69.5878143310546,71.0663070678711,7572507,49.2975387573242,Novartis,Switzerland,NVS
2016-09-02,71.1917572021484,71.4964141845703,69.6415786743164,71.1290283203125,9005116,49.3410491943359,Novartis,Switzerland,NVS
2016-09-09,71.5053787231445,72.3297500610351,70.465950012207,70.4749069213867,6897772,48.8872871398925,Novartis,Switzerland,NVS
2016-09-16,70.7347640991211,71.9982070922851,70.6093215942382,71.0931930541992,6973661,49.3161888122558,Novartis,Switzerland,NVS
2016-09-23,71.5233001708984,73.6917572021484,71.4784927368164,73.0107498168945,7423409,50.6463584899902,Novartis,Switzerland,NVS
2016-09-30,72.6164855957031,72.9301071166992,70.1433715820312,70.752685546875,10928988,49.079978942871,Novartis,Switzerland,NVS
2016-10-07,70.7347640991211,71.0483856201171,69.6774215698242,70.1523284912109,6542996,48.66353225708,Novartis,Switzerland,NVS
2016-10-14,69.0860214233398,69.7491073608398,66.8548355102539,68.1810073852539,24673087,47.2960510253906,Novartis,Switzerland,NVS
2016-10-21,67.7777786254882,68.4498214721679,67.2491073608398,67.6881713867187,12292405,46.9541816711425,Novartis,Switzerland,NVS
2016-10-28,67.0609283447265,68.0017929077148,63.584228515625,63.6827964782714,23291366,44.1757202148437,Novartis,Switzerland,NVS
2016-11-04,64.2652359008789,64.516128540039,62.5806465148925,62.9480285644531,18301284,43.6660232543945,Novartis,Switzerland,NVS
2016-11-11,63.4677429199218,66.7652359008789,63.3602142333984,65.8512573242187,22674330,45.6799392700195,Novartis,Switzerland,NVS
2016-11-18,64.2562713623046,65.1702499389648,63.2168464660644,63.2974891662597,22575453,43.9084396362304,Novartis,Switzerland,NVS
2016-11-25,62.6702499389648,62.9390678405761,60.2867393493652,62.347671508789,16587332,43.2495613098144,Novartis,Switzerland,NVS
2016-12-02,62.3028678894043,62.4731178283691,60.5197143554687,61.084228515625,12457350,42.3731307983398,Novartis,Switzerland,NVS
2016-12-09,61.5232963562011,62.6702499389648,59.9731178283691,62.491039276123,18910396,43.3490104675293,Novartis,Switzerland,NVS
2016-12-16,61.9444427490234,64.3727569580078,61.8369178771972,64.3189926147461,19516385,44.6170387268066,Novartis,Switzerland,NVS
2016-12-23,64.3996429443359,64.6863784790039,64.0680999755859,64.381721496582,12603880,44.6605529785156,Novartis,Switzerland,NVS
2016-12-30,65.0089645385742,65.7347640991211,64.1666641235351,65.268814086914,10425561,45.2759132385253,Novartis,Switzerland,NVS
2017-01-06,65.3136215209961,66.6577072143554,64.4534072875976,65.8512573242187,15752116,45.6799392700195,Novartis,Switzerland,NVS
2017-01-13,66.0215072631836,66.7025070190429,64.2383499145507,64.8745498657226,22767851,45.0024185180664,Novartis,Switzerland,NVS
2017-01-20,64.0860214233398,64.5878143310546,62.9301071166992,63.3064537048339,20890851,43.9146575927734,Novartis,Switzerland,NVS
2017-01-27,62.8942642211914,64.8118286132812,62.3028678894043,64.7042999267578,27546564,44.8843193054199,Novartis,Switzerland,NVS
2017-02-03,64.4713287353515,66.2813644409179,64.3458786010742,66.2096786499023,22492310,45.9285736083984,Novartis,Switzerland,NVS
2017-02-10,65.9946212768554,67.5627212524414,65.9946212768554,67.3924713134765,12600420,46.7490615844726,Novartis,Switzerland,NVS
2017-02-17,67.5896072387695,69.184585571289,66.7831573486328,69.1756286621093,16904164,47.9860038757324,Novartis,Switzerland,NVS
2017-02-24,68.5752716064453,69.5878143310546,68.5304641723632,69.247314453125,15803340,48.0357322692871,Novartis,Switzerland,NVS
2017-03-03,69.3100357055664,70.3673858642578,66.6756286621093,68.0286712646484,18476719,48.9084663391113,Novartis,Switzerland,NVS
2017-03-10,67.8404998779296,67.9301071166992,65.9587783813476,67.7419357299804,17605904,48.7023124694824,Novartis,Switzerland,NVS
2017-03-17,67.7867355346679,68.0824356079101,66.8369216918945,67.6971359252929,15028056,48.670108795166,Novartis,Switzerland,NVS
2017-03-24,68.0914001464843,68.252685546875,66.263442993164,66.6397857666015,13642207,47.9099349975585,Novartis,Switzerland,NVS
2017-03-31,67.0340499877929,67.4910354614257,66.5322570800781,66.550178527832,10030385,47.8455200195312,Novartis,Switzerland,NVS
2017-04-07,66.7114715576171,67.1505355834961,65.9408569335937,66.0573501586914,9577847,47.4912109375,Novartis,Switzerland,NVS
2017-04-14,66.1469497680664,66.4784927368164,65.5197143554687,65.5465927124023,8543985,47.1240005493164,Novartis,Switzerland,NVS
2017-04-21,65.4838714599609,66.2276000976562,65.1164855957031,65.7706069946289,12679434,47.2850494384765,Novartis,Switzerland,NVS
2017-04-28,66.684585571289,69.4534072875976,66.3620071411132,69.0233001708984,15541081,49.6235427856445,Novartis,Switzerland,NVS
2017-05-05,68.9874572753906,69.847671508789,68.9068069458007,69.7311859130859,9092276,50.1324653625488,Novartis,Switzerland,NVS
2017-05-12,70.0985641479492,72.3387069702148,69.713264465332,72.1146926879882,13545673,51.8460655212402,Novartis,Switzerland,NVS
2017-05-19,72.016128540039,73.4229354858398,71.2903213500976,72.0609283447265,25167697,51.8074111938476,Novartis,Switzerland,NVS
2017-05-26,72.9838714599609,73.2885284423828,72.1953430175781,72.2491073608398,14819029,51.942699432373,Novartis,Switzerland,NVS
2017-06-02,72.0698928833007,73.8978500366211,72.0430145263671,73.6827926635742,5980645,52.9734344482421,Novartis,Switzerland,NVS
2017-06-09,73.3333358764648,73.5573501586914,72.1146926879882,72.7060928344726,9753059,52.2712478637695,Novartis,Switzerland,NVS
2017-06-16,72.6971359252929,73.1630783081054,71.4068069458007,72.4283142089843,9755291,52.0715370178222,Novartis,Switzerland,NVS
2017-06-23,72.5627212524414,77.8673858642578,72.4910354614257,77.3655929565429,14907415,55.6211395263671,Novartis,Switzerland,NVS
2017-06-30,76.8727569580078,77.2491073608398,74.6774215698242,74.7939071655273,11788308,53.7722549438476,Novartis,Switzerland,NVS
2017-07-07,74.8118286132812,75.0896072387695,73.0107498168945,73.763442993164,7496395,53.0314178466796,Novartis,Switzerland,NVS
2017-07-14,73.4766998291015,75.268814086914,72.965950012207,74.516128540039,7737006,53.5725479125976,Novartis,Switzerland,NVS
2017-07-21,75.1254501342773,76.7383499145507,74.3279571533203,76.1559143066406,9730851,54.7514533996582,Novartis,Switzerland,NVS
2017-07-28,75.5286712646484,76.4516143798828,75.1971359252929,75.9408569335937,8817961,54.5968437194824,Novartis,Switzerland,NVS
2017-08-04,76.550178527832,76.7293930053711,75.797492980957,76.1379928588867,6790748,54.7385673522949,Novartis,Switzerland,NVS
2017-08-11,75.7616500854492,75.9587783813476,74.3279571533203,74.6863784790039,7252548,53.6949501037597,Novartis,Switzerland,NVS
2017-08-18,75.2867355346679,75.7258071899414,74.0680999755859,74.1577072143554,5663812,53.3148651123046,Novartis,Switzerland,NVS
2017-08-25,74.5340499877929,75.3494644165039,74.2921142578125,74.847671508789,6072267,53.8109130859375,Novartis,Switzerland,NVS
2017-09-01,74.6774215698242,75.7706069946289,74.0233001708984,75.0985641479492,15962147,53.9912757873535,Novartis,Switzerland,NVS
2017-09-08,75.0179214477539,76.8010787963867,74.7491073608398,76.7293930053711,8890725,55.1637458801269,Novartis,Switzerland,NVS
2017-09-15,76.4247283935546,77.0967712402343,76.4247283935546,76.684585571289,8179945,55.1315383911132,Novartis,Switzerland,NVS
2017-09-22,76.8548355102539,77.4283142089843,76.0752716064453,77.2042999267578,9609428,55.5051841735839,Novartis,Switzerland,NVS
2017-09-29,77.0519714355468,77.5627212524414,75.5107498168945,76.9265213012695,9527404,55.3054695129394,Novartis,Switzerland,NVS
2017-10-06,77.3835144042968,77.6612930297851,76.415771484375,76.8548355102539,8992616,55.2539405822753,Novartis,Switzerland,NVS
2017-10-13,76.8548355102539,77.5896072387695,76.3351287841796,77.1774215698242,6842530,55.4858589172363,Novartis,Switzerland,NVS
2017-10-20,77.3745498657226,77.8404998779296,76.6039428710937,76.8279571533203,8273243,55.2346076965332,Novartis,Switzerland,NVS
2017-10-27,77.2580642700195,77.5896072387695,72.2222213745117,72.3297500610351,25006435,52.000675201416,Novartis,Switzerland,NVS
2017-11-03,72.9480285644531,75.0089645385742,72.8494644165039,75.0,11302736,53.920425415039,Novartis,Switzerland,NVS
2017-11-10,75.1075286865234,75.2419357299804,73.1989212036132,73.8172073364257,8911037,53.0700645446777,Novartis,Switzerland,NVS
2017-11-17,73.9068069458007,75.5376358032226,73.8620071411132,75.2508926391601,6422803,54.1008033752441,Novartis,Switzerland,NVS
2017-11-24,75.268814086914,76.4784927368164,74.5430145263671,76.2365570068359,9181890,54.8094253540039,Novartis,Switzerland,NVS
2017-12-01,76.2455215454101,77.2042999267578,75.7078857421875,77.1057357788086,5863017,55.4343147277832,Novartis,Switzerland,NVS
2017-12-08,77.0609283447265,77.1774215698242,73.9516143798828,75.2329711914062,5600312,54.0879096984863,Novartis,Switzerland,NVS
2017-12-15,75.1164855957031,76.2544784545898,74.9820785522461,76.0394287109375,5757890,54.6677017211914,Novartis,Switzerland,NVS
2017-12-22,76.1738357543945,76.6935501098632,74.1666641235351,74.3279571533203,6089007,53.4372673034668,Novartis,Switzerland,NVS
2017-12-29,74.2293930053711,75.8871002197265,74.2293930053711,75.2329711914062,2654629,54.0879096984863,Novartis,Switzerland,NVS
2018-01-05,75.3673858642578,77.3566284179687,75.2957000732421,77.302864074707,4241022,55.5760459899902,Novartis,Switzerland,NVS
2018-01-12,77.302864074707,77.7329711914062,76.4874572753906,77.6433715820312,5733673,55.8208389282226,Novartis,Switzerland,NVS
2018-01-19,77.7957000732421,78.2168426513671,77.2580642700195,77.9032287597656,5228013,56.0076713562011,Novartis,Switzerland,NVS
2018-01-26,77.3118286132812,84.3996429443359,77.3118286132812,84.1487426757812,14247972,60.4978103637695,Novartis,Switzerland,NVS
2018-02-02,83.2437286376953,83.4946212768554,79.1935501098632,79.2025070190429,8227264,56.9417724609375,Novartis,Switzerland,NVS
2018-02-09,78.2795715332031,78.3512573242187,73.0376358032226,74.5967712402343,17552336,53.6305236816406,Novartis,Switzerland,NVS
2018-02-16,75.0896072387695,78.4677429199218,74.8387069702148,77.8763427734375,7945250,55.9883384704589,Novartis,Switzerland,NVS
2018-02-23,76.8100357055664,77.213264465332,75.6720428466796,76.4605712890625,4900802,54.9704856872558,Novartis,Switzerland,NVS
2018-03-02,76.3351287841796,77.2849426269531,73.3691787719726,74.4175643920898,8627126,53.5016899108886,Novartis,Switzerland,NVS
2018-03-09,74.2741928100586,75.6810073852539,72.4283142089843,74.1577072143554,12597854,55.266803741455,Novartis,Switzerland,NVS
2018-03-16,74.2025070190429,74.6057357788086,73.3064498901367,73.5304641723632,7938665,54.7993469238281,Novartis,Switzerland,NVS
2018-03-23,73.431900024414,73.4408569335937,70.3763427734375,70.3942642211914,9598827,52.4620666503906,Novartis,Switzerland,NVS
2018-03-30,71.9802856445312,73.4946212768554,70.5017929077148,72.4462356567382,6498133,53.9913177490234,Novartis,Switzerland,NVS
2018-04-06,72.1415786743164,73.100357055664,70.9408569335937,71.8638000488281,8699554,53.5572471618652,Novartis,Switzerland,NVS
2018-04-13,72.4283142089843,73.8530502319336,72.2401428222656,72.6164855957031,7585563,54.1181945800781,Novartis,Switzerland,NVS
2018-04-20,72.6702499389648,73.4498214721679,69.6326141357421,69.7849426269531,19976064,52.0079650878906,Novartis,Switzerland,NVS
2018-04-27,69.7670288085937,69.847671508789,67.8584213256836,69.2383499145507,6971652,51.6006088256835,Novartis,Switzerland,NVS
2018-05-04,69.3638000488281,69.5698928833007,67.8853073120117,68.718635559082,7658550,51.2132873535156,Novartis,Switzerland,NVS
2018-05-11,69.1308212280273,69.6236572265625,68.5573501586914,69.4892501831054,8617752,51.7875862121582,Novartis,Switzerland,NVS
2018-05-18,70.2060928344726,70.4032287597656,68.915771484375,69.050178527832,9906620,51.4603691101074,Novartis,Switzerland,NVS
2018-05-25,69.2383499145507,69.4175643920898,68.0645141601562,68.1899642944336,5431572,50.8192901611328,Novartis,Switzerland,NVS
2018-06-01,67.2580642700195,68.1630783081054,66.4068069458007,67.7419357299804,7129678,50.4853858947753,Novartis,Switzerland,NVS
2018-06-08,68.0914001464843,68.1182785034179,66.8010787963867,67.3924713134765,9026989,50.2249412536621,Novartis,Switzerland,NVS
2018-06-15,67.2939071655273,68.4050216674804,67.2042999267578,67.9121856689453,9917110,50.6122703552246,Novartis,Switzerland,NVS
2018-06-22,66.5591430664062,67.6254501342773,65.600357055664,67.2580642700195,10576668,50.1247825622558,Novartis,Switzerland,NVS
2018-06-29,66.6577072143554,68.2258071899414,64.7849426269531,67.6881713867187,11853370,50.4453163146972,Novartis,Switzerland,NVS
2018-07-06,66.4247283935546,69.3010787963867,66.3172073364257,69.1487426757812,8563180,51.5338287353515,Novartis,Switzerland,NVS
2018-07-13,69.247314453125,71.0125427246093,68.252685546875,70.5914001464843,10497320,52.6089782714843,Novartis,Switzerland,NVS
2018-07-20,70.8154144287109,74.0233001708984,69.9103927612304,73.718635559082,16774150,54.939582824707,Novartis,Switzerland,NVS
2018-07-27,74.0322570800781,74.9820785522461,73.584228515625,74.8118286132812,11113128,55.7543029785156,Novartis,Switzerland,NVS
2018-08-03,75.0716857910156,75.7168426513671,74.0591430664062,74.66845703125,8036763,55.6474533081054,Novartis,Switzerland,NVS
2018-08-10,74.4265213012695,75.0358428955078,73.3781356811523,73.5663070678711,8860482,54.8260612487793,Novartis,Switzerland,NVS
2018-08-17,73.6738357543945,74.5698928833007,72.6612930297851,74.4085998535156,9357214,55.4537963867187,Novartis,Switzerland,NVS
2018-08-24,74.6057357788086,75.6810073852539,74.5340499877929,75.0447998046875,8088767,55.9279251098632,Novartis,Switzerland,NVS
2018-08-31,75.0985641479492,75.4749069213867,74.1039428710937,74.381721496582,5869491,55.4337577819824,Novartis,Switzerland,NVS
2018-09-07,73.7007141113281,74.0680999755859,72.7329711914062,73.2795715332031,5523642,54.6123733520507,Novartis,Switzerland,NVS
2018-09-14,74.0322570800781,76.5233001708984,73.8620071411132,76.3620071411132,8695315,56.9095916748046,Novartis,Switzerland,NVS
2018-09-21,76.0125427246093,77.0430145263671,75.3136215209961,76.5770645141601,14471729,57.0698661804199,Novartis,Switzerland,NVS
2018-09-28,76.4426498413086,77.7419357299804,76.0931930541992,77.2042999267578,8263980,57.5373153686523,Novartis,Switzerland,NVS
2018-10-05,77.4641571044921,78.6379928588867,76.2723999023437,76.6218643188476,8623109,57.1032447814941,Novartis,Switzerland,NVS
2018-10-12,75.8243713378906,77.2401428222656,73.1989212036132,74.1756286621093,15189764,55.2801704406738,Novartis,Switzerland,NVS
2018-10-19,74.7759857177734,78.4677429199218,74.4802856445312,78.1272430419921,18859954,58.2251510620117,Novartis,Switzerland,NVS
2018-10-26,77.6702499389648,78.9605712890625,74.9731216430664,76.4247283935546,21591140,56.9563293457031,Novartis,Switzerland,NVS
2018-11-02,77.9480285644531,79.1935501098632,76.4247283935546,78.1361999511718,17067657,58.2318305969238,Novartis,Switzerland,NVS
2018-11-09,78.8530502319336,80.2329711914062,78.3960571289062,79.9462356567382,18013133,59.5807838439941,Novartis,Switzerland,NVS
2018-11-16,79.4623641967773,79.5967712402343,77.4731216430664,78.6290283203125,13328835,58.5991134643554,Novartis,Switzerland,NVS
2018-11-23,79.0770645141601,80.1702499389648,77.2759857177734,78.8799285888671,16123745,58.7860946655273,Novartis,Switzerland,NVS
2018-11-30,79.4085998535156,82.1774215698242,78.7096786499023,82.016128540039,15375132,61.1233901977539,Novartis,Switzerland,NVS
2018-12-07,82.302864074707,82.7867355346679,77.7419357299804,78.0286712646484,11310102,58.1516914367675,Novartis,Switzerland,NVS
2018-12-14,78.2347640991211,79.7580642700195,76.8727569580078,78.3064498901367,14111374,58.3587074279785,Novartis,Switzerland,NVS
2018-12-21,77.6164855957031,77.7598571777343,74.6774215698242,74.6863784790039,22336517,55.6608085632324,Novartis,Switzerland,NVS
2018-12-28,74.6326141357421,77.1326141357421,73.5394287109375,76.3978500366211,6905473,56.9363021850585,Novartis,Switzerland,NVS
2019-01-04,76.7383499145507,77.3566284179687,74.9641571044921,76.9623641967773,8787607,57.3570098876953,Novartis,Switzerland,NVS
2019-01-11,75.4928283691406,79.184585571289,75.4749069213867,78.6469497680664,10585930,58.6124687194824,Novartis,Switzerland,NVS
2019-01-18,78.1541213989257,79.9372787475586,77.6164855957031,79.7401428222656,10870732,59.4271812438964,Novartis,Switzerland,NVS
2019-01-25,79.1039428710937,79.66845703125,76.8100357055664,77.016128540039,9401519,57.3970794677734,Novartis,Switzerland,NVS
2019-02-01,76.3799285888671,78.7992858886718,76.0931930541992,78.5483856201171,16733526,58.539005279541,Novartis,Switzerland,NVS
2019-02-08,79.0770645141601,80.134407043457,78.8888854980468,79.6146926879882,9184122,59.333683013916,Novartis,Switzerland,NVS
2019-02-15,79.1577072143554,80.6361999511718,78.9068069458007,80.5376358032226,11341127,60.0215187072753,Novartis,Switzerland,NVS
2019-02-22,80.2419357299804,81.5680999755859,80.2060928344726,81.3440856933593,6028744,60.6225280761718,Novartis,Switzerland,NVS
2019-03-01,81.4964141845703,82.3118286132812,81.4247283935546,81.8996429443359,7820147,61.0365715026855,Novartis,Switzerland,NVS
2019-03-08,79.9372787475586,80.7437286376953,79.5250930786132,80.3584213256836,10674204,61.825942993164,Novartis,Switzerland,NVS
2019-03-15,80.2598571777343,83.8888854980468,80.2419357299804,83.5931930541992,10937359,64.314697265625,Novartis,Switzerland,NVS
2019-03-22,83.3691787719726,84.1308212280273,83.0734786987304,83.7096786499023,14258240,64.4043197631836,Novartis,Switzerland,NVS
2019-03-29,83.8440856933593,86.2992858886718,83.2437286376953,86.1469497680664,13824004,66.2794952392578,Novartis,Switzerland,NVS
2019-04-05,86.2992858886718,86.2992858886718,83.7813644409179,84.2204284667968,12848954,64.7972793579101,Novartis,Switzerland,NVS
2019-04-12,85.1075286865234,85.1075286865234,80.120002746582,80.2399978637695,21241498,61.7348175048828,Novartis,Switzerland,NVS
2019-04-19,80.8899993896484,81.1299972534179,75.9599990844726,76.4100036621093,15313100,58.7881088256835,Novartis,Switzerland,NVS
2019-04-26,75.5999984741211,81.370002746582,74.9700012207031,81.2900009155273,27906700,62.5426635742187,Novartis,Switzerland,NVS
2019-05-03,80.9800033569336,82.8000030517578,80.8300018310546,82.6100006103515,7503900,63.5582542419433,Novartis,Switzerland,NVS
2019-05-10,82.0500030517578,83.0299987792968,80.5599975585937,81.8799972534179,7986700,62.9965934753418,Novartis,Switzerland,NVS
2019-05-17,80.1800003051757,83.3199996948242,80.0199966430664,82.6999969482421,7331100,63.6274909973144,Novartis,Switzerland,NVS
2019-05-24,82.370002746582,88.4400024414062,81.6800003051757,87.5199966430664,14174500,67.3358840942382,Novartis,Switzerland,NVS
2019-05-31,87.7099990844726,88.0199966430664,85.3300018310546,85.6399993896484,9595500,65.8894577026367,Novartis,Switzerland,NVS
2019-06-07,87.2600021362304,88.6100006103515,86.9800033569336,88.0599975585937,10450400,67.7513656616211,Novartis,Switzerland,NVS
2019-06-14,88.1100006103515,90.2099990844726,87.6999969482421,89.5199966430664,9460600,68.8746337890625,Novartis,Switzerland,NVS
2019-06-21,89.1800003051757,93.3399963378906,89.1800003051757,92.4899978637695,8642800,71.1596908569336,Novartis,Switzerland,NVS
2019-06-28,92.4300003051757,93.6500015258789,90.8399963378906,91.3099975585937,6687500,70.2518234252929,Novartis,Switzerland,NVS
2019-07-05,91.8199996948242,92.6600036621093,90.3099975585937,90.4400024414062,4477100,69.5824737548828,Novartis,Switzerland,NVS
2019-07-12,90.1699981689453,92.0800018310546,88.0299987792968,88.1900024414062,10235800,67.8513793945312,Novartis,Switzerland,NVS
2019-07-19,88.7600021362304,95.0,88.6500015258789,93.5599975585937,17521600,71.982925415039,Novartis,Switzerland,NVS
2019-07-26,94.4599990844726,94.5800018310546,91.870002746582,93.1900024414062,10478800,71.6982650756836,Novartis,Switzerland,NVS
2019-08-02,92.3600006103515,92.5800018310546,90.9000015258789,92.1800003051757,6819300,70.9211959838867,Novartis,Switzerland,NVS
2019-08-09,91.6100006103515,91.8199996948242,86.7399978637695,90.8199996948242,17343400,69.8748321533203,Novartis,Switzerland,NVS
2019-08-16,91.5500030517578,91.7900009155273,88.1100006103515,89.4700012207031,7633900,68.836181640625,Novartis,Switzerland,NVS
2019-08-23,90.1699981689453,90.5400009155273,88.2099990844726,88.4400024414062,8662100,68.043716430664,Novartis,Switzerland,NVS
2019-08-30,88.0100021362304,90.9599990844726,87.9700012207031,90.1100006103515,5518100,69.3285751342773,Novartis,Switzerland,NVS
2019-09-06,88.870002746582,90.1999969482421,88.8399963378906,89.7099990844726,5714400,69.0208206176757,Novartis,Switzerland,NVS
2019-09-13,89.3899993896484,89.8199996948242,86.9000015258789,86.9899978637695,10581600,66.9281158447265,Novartis,Switzerland,NVS
2019-09-20,86.6500015258789,87.8000030517578,85.8499984741211,87.0699996948242,7768800,66.9896697998046,Novartis,Switzerland,NVS
2019-09-27,86.7200012207031,87.5800018310546,85.3600006103515,87.4000015258789,9388100,67.2435607910156,Novartis,Switzerland,NVS
2019-10-04,86.5299987792968,87.1900024414062,83.9700012207031,85.9400024414062,9630200,66.1202697753906,Novartis,Switzerland,NVS
2019-10-11,86.3000030517578,87.1800003051757,85.0100021362304,86.5999984741211,7800500,66.6280670166015,Novartis,Switzerland,NVS
2019-10-18,85.8199996948242,87.6500015258789,85.5999984741211,86.8799972534179,6972400,66.8434982299804,Novartis,Switzerland,NVS
2019-10-25,86.5100021362304,87.7699966430664,85.9199981689453,87.3099975585937,11761400,67.1743240356445,Novartis,Switzerland,NVS
2019-11-01,87.2099990844726,88.5199966430664,86.8899993896484,87.6299972534179,8192000,67.4205245971679,Novartis,Switzerland,NVS
2019-11-08,88.9700012207031,89.0,86.8000030517578,88.370002746582,10382300,67.9898681640625,Novartis,Switzerland,NVS
2019-11-15,88.5,90.2200012207031,88.370002746582,90.0400009155273,4464200,69.2747192382812,Novartis,Switzerland,NVS
2019-11-22,90.1800003051757,91.0500030517578,89.5299987792968,90.4800033569336,7544200,69.6132507324218,Novartis,Switzerland,NVS
2019-11-29,90.2900009155273,92.4400024414062,90.2099990844726,92.3000030517578,7914300,71.0135192871093,Novartis,Switzerland,NVS
2019-12-06,91.6900024414062,92.4599990844726,90.3300018310546,92.0699996948242,7045800,70.836555480957,Novartis,Switzerland,NVS
2019-12-13,92.0899963378906,93.25,92.0699996948242,92.9899978637695,9846400,71.5443878173828,Novartis,Switzerland,NVS
2019-12-20,92.9499969482421,94.5500030517578,92.870002746582,94.2900009155273,8321900,72.544563293457,Novartis,Switzerland,NVS
2019-12-27,95.0100021362304,95.6600036621093,94.5299987792968,95.370002746582,3872400,73.3754959106445,Novartis,Switzerland,NVS
2020-01-03,95.5100021362304,95.5299987792968,94.0999984741211,94.7900009155273,4180300,72.9292602539062,Novartis,Switzerland,NVS
2020-01-10,94.6699981689453,95.4300003051757,93.7900009155273,93.8600006103515,6095000,72.2137374877929,Novartis,Switzerland,NVS
2020-01-17,93.9199981689453,96.0599975585937,93.4700012207031,95.9300003051757,7509100,73.8063507080078,Novartis,Switzerland,NVS
2020-01-24,95.6399993896484,95.9700012207031,93.6500015258789,93.870002746582,13077800,72.2214431762695,Novartis,Switzerland,NVS
2020-01-31,93.0500030517578,96.7799987792968,92.9599990844726,94.5100021362304,10925900,72.7138290405273,Novartis,Switzerland,NVS
2020-02-07,94.3399963378906,97.0,94.1500015258789,95.8300018310546,9528500,73.7294082641601,Novartis,Switzerland,NVS
2020-02-14,96.1699981689453,99.8399963378906,96.1100006103515,97.6299972534179,9051800,75.1142959594726,Novartis,Switzerland,NVS
2020-02-21,96.9700012207031,97.6600036621093,95.8799972534179,96.7600021362304,5198400,74.4449310302734,Novartis,Switzerland,NVS
2020-02-28,92.7200012207031,93.6699981689453,83.0500030517578,83.9599990844726,26670000,64.5969085693359,Novartis,Switzerland,NVS
2020-03-06,85.5999984741211,87.870002746582,83.2099990844726,85.7200012207031,16058300,68.3442764282226,Novartis,Switzerland,NVS
2020-03-13,82.9499969482421,85.5599975585937,72.1600036621093,79.6100006103515,24107900,63.4727935791015,Novartis,Switzerland,NVS
2020-03-20,70.0699996948242,77.7600021362304,69.1800003051757,72.4199981689453,22175100,57.7402381896972,Novartis,Switzerland,NVS
2020-03-27,73.7300033569336,81.0400009155273,70.2300033569336,79.2799987792968,15547000,63.2096862792968,Novartis,Switzerland,NVS
2020-04-03,80.5599975585937,84.2699966430664,80.4199981689453,83.6399993896484,11089800,66.6859054565429,Novartis,Switzerland,NVS
2020-04-10,85.0999984741211,86.5800018310546,83.7799987792968,84.8499984741211,7878100,67.6506271362304,Novartis,Switzerland,NVS
2020-04-17,85.0,89.4300003051757,83.9100036621093,89.2900009155273,11163000,71.1906356811523,Novartis,Switzerland,NVS
2020-04-24,89.7300033569336,91.3600006103515,87.75,89.0500030517578,12913700,70.999282836914,Novartis,Switzerland,NVS
2020-05-01,89.9800033569336,90.5800018310546,82.9700012207031,83.4100036621093,12023300,66.5025253295898,Novartis,Switzerland,NVS
2020-05-08,84.0800018310546,86.120002746582,83.370002746582,84.9300003051757,7018100,67.7144241333007,Novartis,Switzerland,NVS
2020-05-15,84.8600006103515,86.9100036621093,82.6999969482421,84.0199966430664,8627000,66.9888763427734,Novartis,Switzerland,NVS
2020-05-22,84.7799987792968,86.2200012207031,83.5100021362304,84.9100036621093,9281400,67.6984786987304,Novartis,Switzerland,NVS
2020-05-29,85.1299972534179,87.5899963378906,83.25,87.4300003051757,9058000,69.7076644897461,Novartis,Switzerland,NVS
2020-06-05,87.120002746582,87.3899993896484,84.9400024414062,85.8899993896484,7766700,68.4798202514648,Novartis,Switzerland,NVS
2020-06-12,85.7399978637695,89.3399963378906,83.4000015258789,84.3499984741211,9305100,67.2519836425781,Novartis,Switzerland,NVS
2020-06-19,85.4000015258789,91.4400024414062,84.7699966430664,91.0999984741211,13075800,72.6337356567382,Novartis,Switzerland,NVS
2020-06-26,90.6699981689453,91.4300003051757,86.8499984741211,87.0999984741211,7844000,69.4445495605468,Novartis,Switzerland,NVS
2020-07-03,88.0199966430664,88.1900024414062,86.0899963378906,87.5699996948242,4998300,69.8192749023437,Novartis,Switzerland,NVS
2020-07-10,88.4000015258789,88.870002746582,86.5699996948242,87.0100021362304,5115800,69.372802734375,Novartis,Switzerland,NVS
2020-07-17,86.6900024414062,88.5199966430664,85.9300003051757,88.1699981689453,6437800,70.2976531982421,Novartis,Switzerland,NVS
2020-07-24,88.6600036621093,89.0299987792968,83.8099975585937,84.2200012207031,11833600,67.1483383178711,Novartis,Switzerland,NVS
2020-07-31,84.3399963378906,84.8600006103515,81.5599975585937,82.1399993896484,8495800,65.4899520874023,Novartis,Switzerland,NVS
2020-08-07,83.8799972534179,84.620002746582,82.4499969482421,82.9100036621093,8296800,66.103889465332,Novartis,Switzerland,NVS
2020-08-14,82.3600006103515,85.8399963378906,82.1100006103515,84.6500015258789,9370900,67.4911727905273,Novartis,Switzerland,NVS
2020-08-21,85.4400024414062,87.3199996948242,85.1699981689453,86.4000015258789,7740700,68.8864440917968,Novartis,Switzerland,NVS
2020-08-28,86.75,88.2300033569336,85.8399963378906,86.5999984741211,6518000,69.0459060668945,Novartis,Switzerland,NVS
2020-09-04,86.3799972534179,89.2300033569336,85.4400024414062,86.6800003051757,10316500,69.1096801757812,Novartis,Switzerland,NVS
2020-09-11,86.9000015258789,90.6800003051757,86.4700012207031,89.8799972534179,6512100,71.6610260009765,Novartis,Switzerland,NVS
2020-09-18,89.5800018310546,92.2699966430664,89.5500030517578,90.9400024414062,12585500,72.5061721801757,Novartis,Switzerland,NVS
2020-09-25,89.6100006103515,89.7099990844726,85.8499984741211,87.1100006103515,7607800,69.452522277832,Novartis,Switzerland,NVS
2020-10-02,87.3600006103515,88.3199996948242,86.4800033569336,87.5199966430664,11201100,69.7794189453125,Novartis,Switzerland,NVS
2020-10-09,88.1999969482421,88.6999969482421,85.370002746582,88.3899993896484,8150000,70.4730682373046,Novartis,Switzerland,NVS
2020-10-16,88.8399963378906,88.9100036621093,84.9499969482421,86.1900024414062,7367000,68.719009399414,Novartis,Switzerland,NVS
2020-10-23,86.75,86.8799972534179,84.0400009155273,84.4300003051757,6724300,67.3157730102539,Novartis,Switzerland,NVS
2020-10-30,84.0999984741211,84.4000015258789,77.0400009155273,78.0800018310546,10995200,62.2529373168945,Novartis,Switzerland,NVS
2020-11-06,79.2099990844726,85.0400009155273,78.6100006103515,84.7200012207031,11298200,67.5469970703125,Novartis,Switzerland,NVS
2020-11-13,85.1800003051757,86.4300003051757,83.9100036621093,86.0999984741211,7360600,68.6472549438476,Novartis,Switzerland,NVS
2020-11-20,86.2900009155273,87.5500030517578,85.7200012207031,87.5199966430664,11046800,69.7794189453125,Novartis,Switzerland,NVS
2020-11-27,87.1500015258789,89.9199981689453,86.9400024414062,89.7600021362304,9089300,71.5653610229492,Novartis,Switzerland,NVS
2020-12-04,89.8799972534179,92.0999984741211,89.3000030517578,91.620002746582,12492000,73.04833984375,Novartis,Switzerland,NVS
2020-12-11,91.4899978637695,92.6699981689453,90.0,92.620002746582,6203400,73.8456268310546,Novartis,Switzerland,NVS
2020-12-18,91.3600006103515,92.6999969482421,89.5599975585937,90.9100036621093,11521000,72.4822616577148,Novartis,Switzerland,NVS
2020-12-25,88.2699966430664,88.8499984741211,87.4100036621093,88.5500030517578,6250300,70.6006317138671,Novartis,Switzerland,NVS
2021-01-01,90.7900009155273,95.0400009155273,90.1399993896484,94.4300003051757,7664200,75.2887420654296,Novartis,Switzerland,NVS
2021-01-08,95.0100021362304,95.1100006103515,92.7399978637695,94.0400009155273,7468900,74.977798461914,Novartis,Switzerland,NVS
2021-01-15,93.6699981689453,96.5400009155273,93.0,95.6299972534179,10803500,76.2454986572265,Novartis,Switzerland,NVS
2021-01-22,96.3799972534179,97.5199966430664,95.8499984741211,96.9000015258789,7678300,77.258056640625,Novartis,Switzerland,NVS
2021-01-29,97.1900024414062,98.5199966430664,89.4700012207031,90.4700012207031,17631300,72.1314392089843,Novartis,Switzerland,NVS
2021-02-05,90.7200012207031,90.8000030517578,89.0100021362304,90.5299987792968,10071500,72.1792831420898,Novartis,Switzerland,NVS
2021-02-12,91.4199981689453,92.3300018310546,90.4400024414062,92.0299987792968,9745300,73.3752288818359,Novartis,Switzerland,NVS
2021-02-19,92.3499984741211,92.3600006103515,88.3600006103515,88.4100036621093,7376100,70.4890060424804,Novartis,Switzerland,NVS
2021-02-26,88.2099990844726,88.4700012207031,85.6299972534179,85.9100036621093,10599700,68.4957580566406,Novartis,Switzerland,NVS
2021-03-05,86.5500030517578,88.8399963378906,82.2900009155273,84.0100021362304,9799800,69.6686782836914,Novartis,Switzerland,NVS
2021-03-12,83.9899978637695,85.2699966430664,83.5400009155273,84.1299972534179,8627300,69.7681884765625,Novartis,Switzerland,NVS
2021-03-19,84.3399963378906,86.120002746582,83.7699966430664,85.9400024414062,7648700,71.2692031860351,Novartis,Switzerland,NVS
2021-03-26,85.5199966430664,87.5,85.4599990844726,87.4100036621093,8216700,72.4882583618164,Novartis,Switzerland,NVS
2021-04-02,87.3199996948242,87.8199996948242,85.4400024414062,86.0800018310546,7188400,71.3852996826171,Novartis,Switzerland,NVS
2021-04-09,86.3600006103515,87.6800003051757,85.9800033569336,87.5500030517578,10663500,72.6043548583984,Novartis,Switzerland,NVS
2021-04-16,87.2200012207031,88.0699996948242,86.1800003051757,88.0199966430664,8968500,72.9941177368164,Novartis,Switzerland,NVS
2021-04-23,88.4899978637695,88.9599990844726,87.6600036621093,88.2699966430664,9495600,73.2014465332031,Novartis,Switzerland,NVS
2021-04-30,88.120002746582,88.2200012207031,85.1699981689453,85.2399978637695,10722300,70.6886901855468,Novartis,Switzerland,NVS
2021-05-07,86.2200012207031,88.1699981689453,85.2699966430664,87.9599990844726,10603100,72.9443664550781,Novartis,Switzerland,NVS
2021-05-14,88.0,89.2699966430664,87.0699996948242,88.9599990844726,8890700,73.7736511230468,Novartis,Switzerland,NVS
2021-05-21,88.7099990844726,89.1299972534179,87.2600021362304,88.1100006103515,7455500,73.0687637329101,Novartis,Switzerland,NVS
2021-05-28,88.3300018310546,89.2200012207031,87.9199981689453,88.3799972534179,11013000,73.2926712036132,Novartis,Switzerland,NVS
2021-06-04,89.0,90.1699981689453,88.120002746582,89.8000030517578,7128900,74.4702682495117,Novartis,Switzerland,NVS
2021-06-11,89.9000015258789,93.7099990844726,89.3899993896484,92.6900024414062,11474000,76.8669128417968,Novartis,Switzerland,NVS
2021-06-18,93.1999969482421,94.7699966430664,92.8000030517578,93.0100021362304,8041400,77.1322784423828,Novartis,Switzerland,NVS
2021-06-25,93.3600006103515,94.0400009155273,92.2300033569336,92.4899978637695,6141100,76.7010498046875,Novartis,Switzerland,NVS
2021-07-02,92.2600021362304,92.5899963378906,90.9800033569336,91.9800033569336,7941500,76.2781219482421,Novartis,Switzerland,NVS
2021-07-09,91.8300018310546,92.9199981689453,91.2900009155273,92.7399978637695,6626500,76.9083786010742,Novartis,Switzerland,NVS
2021-07-16,93.1999969482421,93.4599990844726,91.0299987792968,91.6999969482421,7968200,76.045913696289,Novartis,Switzerland,NVS
2021-07-23,90.3399963378906,92.0599975585937,89.1399993896484,91.5699996948242,9859500,75.9381027221679,Novartis,Switzerland,NVS
2021-07-30,91.0599975585937,92.9199981689453,90.5599975585937,92.3899993896484,6998700,76.6181259155273,Novartis,Switzerland,NVS
2021-08-06,92.4199981689453,92.7099990844726,91.1399993896484,91.3199996948242,8828100,75.7307815551757,Novartis,Switzerland,NVS
2021-08-13,91.8199996948242,93.8799972534179,91.6299972534179,93.8300018310546,8306400,77.8123016357421,Novartis,Switzerland,NVS
2021-08-20,93.7399978637695,95.1699981689453,92.4700012207031,93.3300018310546,10828400,77.3976593017578,Novartis,Switzerland,NVS
2021-08-27,93.8600006103515,94.25,91.1800003051757,92.0199966430664,10514300,76.3112869262695,Novartis,Switzerland,NVS
2021-09-03,91.4300003051757,93.6500015258789,90.8899993896484,91.4000015258789,10516200,75.7971267700195,Novartis,Switzerland,NVS
2021-09-10,90.3099975585937,90.4899978637695,85.3799972534179,85.4300003051757,6666500,70.8462677001953,Novartis,Switzerland,NVS
2021-09-17,85.7300033569336,85.8600006103515,83.0299987792968,83.4800033569336,8360700,69.2291488647461,Novartis,Switzerland,NVS
2021-09-24,82.0599975585937,83.9800033569336,81.9700012207031,82.9300003051757,10253200,68.7730407714843,Novartis,Switzerland,NVS
2021-10-01,82.5,83.0500030517578,81.3399963378906,82.0100021362304,14773100,68.0101013183593,Novartis,Switzerland,NVS
2021-10-08,82.3300018310546,83.1500015258789,81.0100021362304,82.8300018310546,11298000,68.6901168823242,Novartis,Switzerland,NVS
2021-10-15,82.870002746582,83.3399963378906,81.9800033569336,83.3300018310546,7102200,69.1047592163086,Novartis,Switzerland,NVS
2021-10-22,82.6100006103515,84.9599990844726,82.1900024414062,84.9199981689453,9083300,70.4233245849609,Novartis,Switzerland,NVS
2021-10-29,83.6699981689453,85.3199996948242,82.2399978637695,82.7600021362304,14291900,68.6320648193359,Novartis,Switzerland,NVS
2021-11-05,83.8300018310546,84.2200012207031,82.9300003051757,83.6500015258789,12480000,69.3701248168945,Novartis,Switzerland,NVS
2021-11-12,83.3499984741211,83.9599990844726,82.4899978637695,82.4899978637695,11684800,68.4081420898437,Novartis,Switzerland,NVS
2021-11-19,82.6399993896484,82.8600006103515,81.5800018310546,81.6600036621093,9527700,67.7198486328125,Novartis,Switzerland,NVS
2021-11-26,81.7200012207031,82.7699966430664,80.5299987792968,80.6999969482421,7685600,66.923713684082,Novartis,Switzerland,NVS
2021-12-03,80.1399993896484,80.9300003051757,79.3399963378906,80.0,11392500,66.3432159423828,Novartis,Switzerland,NVS
2021-12-10,80.2699966430664,81.5400009155273,80.1500015258789,80.6699981689453,12100100,66.8988342285156,Novartis,Switzerland,NVS
2021-12-17,80.7399978637695,86.6299972534179,80.5100021362304,85.9000015258789,22132200,71.2360229492187,Novartis,Switzerland,NVS
2021-12-24,85.4800033569336,87.1600036621093,85.1299972534179,86.6600036621093,11316700,71.8662948608398,Novartis,Switzerland,NVS
2021-12-31,87.1900024414062,88.2399978637695,86.9899978637695,87.4700012207031,8565100,72.5380172729492,Novartis,Switzerland,NVS
2022-01-07,87.5500030517578,89.4300003051757,87.1299972534179,89.3099975585937,12855400,74.0639038085937,Novartis,Switzerland,NVS
2022-01-14,88.5,90.9899978637695,88.4599990844726,90.5500030517578,10503400,75.0922317504882,Novartis,Switzerland,NVS
2022-01-21,89.4899978637695,89.8399963378906,86.9100036621093,87.0299987792968,9210100,72.1731185913086,Novartis,Switzerland,NVS
2022-01-28,84.5699996948242,85.9800033569336,83.2600021362304,85.9100036621093,14946600,71.2443161010742,Novartis,Switzerland,NVS
2022-02-04,85.9400024414062,88.4499969482421,84.2900009155273,86.2799987792968,17297900,71.551155090332,Novartis,Switzerland,NVS
2022-02-11,87.0199966430664,88.0299987792968,85.4700012207031,85.5699996948242,15720300,70.9623565673828,Novartis,Switzerland,NVS
2022-02-18,86.3899993896484,87.9800033569336,85.3099975585937,86.3899993896484,14289800,71.6423797607421,Novartis,Switzerland,NVS
2022-02-25,85.8300018310546,87.8399963378906,84.6299972534179,87.6299972534179,11995000,72.6707000732421,Novartis,Switzerland,NVS
2022-03-04,86.9899978637695,88.5500030517578,83.9400024414062,84.7399978637695,12728000,70.2740478515625,Novartis,Switzerland,NVS
2022-03-11,83.8300018310546,84.0599975585937,79.0899963378906,82.370002746582,16766900,71.1684951782226,Novartis,Switzerland,NVS
2022-03-18,83.8300018310546,86.9499969482421,83.5699996948242,86.7900009155273,11573700,74.9874114990234,Novartis,Switzerland,NVS
2022-03-25,86.5999984741211,87.2300033569336,85.1999969482421,86.8600006103515,9071900,75.0478973388671,Novartis,Switzerland,NVS
2022-04-01,86.8199996948242,88.5999984741211,86.5400009155273,87.6900024414062,9085400,75.7650299072265,Novartis,Switzerland,NVS
2022-04-08,88.2200012207031,93.0400009155273,86.9800033569336,92.7300033569336,15803800,80.1196365356445,Novartis,Switzerland,NVS
2022-04-15,94.0999984741211,94.2600021362304,92.370002746582,92.5199966430664,9860500,79.9381866455078,Novartis,Switzerland,NVS
2022-04-22,91.9599990844726,92.5500030517578,89.2099990844726,89.2099990844726,10962400,77.0783233642578,Novartis,Switzerland,NVS
2022-04-29,90.0299987792968,91.0100021362304,87.9400024414062,88.0299987792968,13136700,76.0587921142578,Novartis,Switzerland,NVS
2022-05-06,87.7099990844726,88.5,85.4800033569336,85.8199996948242,12480000,74.1493225097656,Novartis,Switzerland,NVS
2022-05-13,84.6100006103515,86.3799972534179,83.370002746582,85.8199996948242,14711400,74.1493225097656,Novartis,Switzerland,NVS
2022-05-20,86.6800003051757,89.4499969482421,86.5800018310546,89.4199981689453,16557100,77.2597579956054,Novartis,Switzerland,NVS
2022-05-27,89.9400024414062,92.120002746582,89.9400024414062,91.4599990844726,13526100,79.0223388671875,Novartis,Switzerland,NVS
2022-06-03,90.4100036621093,91.1900024414062,88.8600006103515,89.120002746582,6953900,77.0005722045898,Novartis,Switzerland,NVS
2022-06-10,89.5999984741211,89.5999984741211,84.3499984741211,85.0599975585937,7714500,73.4926834106445,Novartis,Switzerland,NVS
2022-06-17,83.1699981689453,83.8300018310546,80.1600036621093,81.0599975585937,11891100,70.0366439819336,Novartis,Switzerland,NVS
2022-06-24,82.6100006103515,84.8300018310546,81.1999969482421,84.8300018310546,9349100,73.293960571289,Novartis,Switzerland,NVS
2022-07-01,85.0800018310546,85.9700012207031,83.0699996948242,84.3600006103515,9961800,72.8878707885742,Novartis,Switzerland,NVS
2022-07-08,83.6100006103515,84.9499969482421,83.1900024414062,84.3399963378906,6698600,72.8705902099609,Novartis,Switzerland,NVS
2022-07-15,84.3099975585937,84.8600006103515,81.7600021362304,84.6399993896484,11305700,73.1297912597656,Novartis,Switzerland,NVS
2022-07-22,84.7300033569336,86.6600036621093,82.4700012207031,85.870002746582,13471300,74.1925277709961,Novartis,Switzerland,NVS
2022-07-29,85.9199981689453,87.6299972534179,85.5999984741211,85.8300018310546,9601100,74.1579666137695,Novartis,Switzerland,NVS
2022-08-05,85.5699996948242,85.9800033569336,84.5699996948242,85.5699996948242,7325600,73.9333343505859,Novartis,Switzerland,NVS
2022-08-12,86.0400009155273,88.0299987792968,84.6800003051757,85.6800003051757,10044800,74.0283660888671,Novartis,Switzerland,NVS
2022-08-19,85.2600021362304,85.8399963378906,84.5100021362304,85.7600021362304,7265600,74.0974960327148,Novartis,Switzerland,NVS
2022-08-26,85.3000030517578,85.6100006103515,82.3300018310546,82.6800003051757,8504100,71.4363327026367,Novartis,Switzerland,NVS
2022-09-02,83.0,83.0400009155273,79.3600006103515,79.6999969482421,18799200,68.861587524414,Novartis,Switzerland,NVS
2022-09-09,80.6699981689453,82.7799987792968,79.5899963378906,82.5999984741211,10566300,71.3672103881836,Novartis,Switzerland,NVS
2022-09-16,83.6800003051757,84.2200012207031,80.1600036621093,80.6500015258789,8698700,69.6823959350586,Novartis,Switzerland,NVS
2022-09-23,80.2300033569336,80.7799987792968,75.5299987792968,76.0100021362304,13233800,65.6733932495117,Novartis,Switzerland,NVS
2022-09-30,74.4599990844726,77.2900009155273,74.0899963378906,76.0100021362304,18305400,65.6733932495117,Novartis,Switzerland,NVS
2022-10-07,76.8799972534179,78.5299987792968,75.3600006103515,75.6500015258789,12868000,65.3623504638671,Novartis,Switzerland,NVS
2022-10-14,75.4899978637695,76.75,74.2399978637695,75.5699996948242,11730600,65.2932205200195,Novartis,Switzerland,NVS
2022-10-21,77.3499984741211,77.9599990844726,75.3799972534179,77.0999984741211,9998300,66.6151580810546,Novartis,Switzerland,NVS
2022-10-28,77.5599975585937,80.8199996948242,77.2900009155273,80.7600021362304,11011800,69.7774353027343,Novartis,Switzerland,NVS
2022-11-04,80.4499969482421,82.0699996948242,79.75,81.7200012207031,11211800,70.6068801879882,Novartis,Switzerland,NVS
2022-11-11,81.0899963378906,85.6699981689453,80.9199981689453,84.0199966430664,11785200,72.5941085815429,Novartis,Switzerland,NVS
2022-11-18,83.4300003051757,85.8199996948242,82.2399978637695,85.6999969482421,12397400,74.0456466674804,Novartis,Switzerland,NVS
2022-11-25,86.3300018310546,87.8199996948242,86.0,87.7099990844726,6141900,75.7823104858398,Novartis,Switzerland,NVS
2022-12-02,87.9599990844726,90.1299972534179,87.2799987792968,89.9899978637695,8695800,77.7522430419921,Novartis,Switzerland,NVS
2022-12-09,90.8300018310546,92.0899963378906,90.2200012207031,90.9499969482421,8603400,78.5816955566406,Novartis,Switzerland,NVS
2022-12-16,90.9000015258789,93.3099975585937,90.0500030517578,90.4800033569336,10643300,78.1756134033203,Novartis,Switzerland,NVS
2022-12-23,90.4800033569336,91.4499969482421,89.7399978637695,90.870002746582,6866300,78.512580871582,Novartis,Switzerland,NVS
2022-12-30,91.4199981689453,91.9000015258789,90.25,90.7200012207031,6406600,78.3829803466796,Novartis,Switzerland,NVS
2023-01-06,91.0999984741211,93.0400009155273,90.5299987792968,92.2900009155273,7335500,79.7394714355468,Novartis,Switzerland,NVS
2023-01-13,92.9899978637695,93.2300033569336,89.6699981689453,91.0599975585937,13053700,78.6767425537109,Novartis,Switzerland,NVS
2023-01-20,93.1900024414062,93.25,91.2900009155273,92.0699996948242,7213000,79.5493927001953,Novartis,Switzerland,NVS
2023-01-27,91.8000030517578,92.8600006103515,87.0,89.4899978637695,11592600,77.3202438354492,Novartis,Switzerland,NVS
2023-02-03,90.0699996948242,90.6299972534179,85.5800018310546,85.8499984741211,14782000,74.1752471923828,Novartis,Switzerland,NVS
2023-02-10,85.5699996948242,87.8000030517578,85.1299972534179,86.4800033569336,9909900,74.7195816040039,Novartis,Switzerland,NVS
2023-02-17,86.8199996948242,88.0999984741211,85.620002746582,87.0500030517578,9062800,75.2120666503906,Novartis,Switzerland,NVS
2023-02-24,86.9100036621093,87.6399993896484,85.3799972534179,85.620002746582,5509200,73.9765319824218,Novartis,Switzerland,NVS
2023-03-03,86.1699981689453,86.1800003051757,83.6500015258789,84.6800003051757,9136700,73.1643524169921,Novartis,Switzerland,NVS
2023-03-10,84.9700012207031,85.620002746582,79.9800033569336,80.6699981689453,9550900,72.7287979125976,Novartis,Switzerland,NVS
2023-03-17,81.4000015258789,83.0800018310546,81.2699966430664,82.1900024414062,12839600,74.0991821289062,Novartis,Switzerland,NVS
2023-03-24,82.8300018310546,83.8000030517578,81.9599990844726,83.5899963378906,12733700,75.3613586425781,Novartis,Switzerland,NVS
2023-03-31,89.0299987792968,92.1900024414062,88.9100036621093,92.0,18956100,82.9434814453125,Novartis,Switzerland,NVS
2023-04-07,92.3300018310546,96.5599975585937,92.0899963378906,96.2600021362304,8265700,86.7841186523437,Novartis,Switzerland,NVS
2023-04-14,95.9800033569336,98.2699966430664,95.1100006103515,97.8799972534179,8052100,88.244644165039,Novartis,Switzerland,NVS
2023-04-21,98.3399963378906,100.440002441406,97.1800003051757,100.300003051757,9712600,90.4264221191406,Novartis,Switzerland,NVS
2023-04-28,100.790000915527,105.559997558593,100.169998168945,102.569999694824,12036800,92.4729614257812,Novartis,Switzerland,NVS
2023-05-05,102.75,104.879997253417,101.910003662109,104.720001220703,7302100,94.4113082885742,Novartis,Switzerland,NVS
2023-05-12,104.599998474121,105.349998474121,102.779998779296,103.139999389648,7242000,92.9868469238281,Novartis,Switzerland,NVS
2023-05-19,103.349998474121,103.480003356933,99.5599975585937,100.809997558593,8995500,90.8862152099609,Novartis,Switzerland,NVS
2023-05-26,101.459999084472,102.0,97.3499984741211,97.8600006103515,11887200,88.2266082763671,Novartis,Switzerland,NVS
2023-06-02,96.8000030517578,98.9300003051757,95.3399963378906,98.9100036621093,11694600,89.1732482910156,Novartis,Switzerland,NVS
2023-06-09,99.8499984741211,101.029998779296,98.3000030517578,100.930000305175,12194500,90.994400024414,Novartis,Switzerland,NVS
2023-06-16,100.769996643066,102.730003356933,99.1800003051757,101.830001831054,9299900,91.8058090209961,Novartis,Switzerland,NVS
2023-06-23,101.440002441406,101.5,100.080001831054,100.690002441406,5184700,90.7780303955078,Novartis,Switzerland,NVS
2023-06-30,100.419998168945,100.910003662109,98.1299972534179,100.910003662109,7337300,90.9763717651367,Novartis,Switzerland,NVS
2023-07-07,99.6900024414062,99.7200012207031,93.9100036621093,94.7300033569336,12683700,85.4047317504882,Novartis,Switzerland,NVS
2023-07-14,96.0899963378906,99.0800018310546,96.0699996948242,98.8300018310546,6907000,89.1011276245117,Novartis,Switzerland,NVS
2023-07-21,98.1800003051757,105.610000610351,97.9199981689453,105.01000213623,12744000,94.6727600097656,Novartis,Switzerland,NVS
2023-07-28,104.959999084472,105.209999084472,103.239997863769,104.180000305175,6064800,93.9244689941406,Novartis,Switzerland,NVS
2023-08-04,104.889999389648,105.019996643066,101.169998168945,101.800003051757,4896500,91.7787628173828,Novartis,Switzerland,NVS
2023-08-11,102.599998474121,104.230003356933,102.330001831054,103.58999633789,5565800,93.3925476074218,Novartis,Switzerland,NVS
2023-08-18,102.989997863769,103.610000610351,100.919998168945,101.019996643066,3979100,91.0755310058593,Novartis,Switzerland,NVS
2023-08-25,102.540000915527,103.26000213623,100.790000915527,101.779998779296,3965600,91.7607269287109,Novartis,Switzerland,NVS
2023-09-01,102.860000610351,103.599998474121,100.470001220703,100.720001220703,4208200,90.8050689697265,Novartis,Switzerland,NVS
2023-09-08,99.5400009155273,99.5599975585937,96.9100036621093,98.3399963378906,5377800,88.6593551635742,Novartis,Switzerland,NVS
2023-09-15,98.6500015258789,103.639999389648,98.4499969482421,102.629997253417,5675200,92.5270538330078,Novartis,Switzerland,NVS
2023-09-22,102.690002441406,104.300003051757,101.029998779296,101.139999389648,4405400,91.183723449707,Novartis,Switzerland,NVS
2023-09-29,100.830001831054,103.599998474121,99.9599990844726,101.860000610351,6419400,91.8328552246093,Novartis,Switzerland,NVS
2023-10-06,102.050003051757,102.080001831054,94.9300003051757,97.1399993896484,9704400,87.5774917602539,Novartis,Switzerland,NVS
2023-10-13,97.1500015258789,99.5100021362304,96.6100006103515,97.2399978637695,7385500,87.6676483154296,Novartis,Switzerland,NVS
2023-10-20,96.5299987792968,97.4599990844726,93.8600006103515,94.6800003051757,9294000,85.3596572875976,Novartis,Switzerland,NVS
2023-10-27,94.5199966430664,95.9599990844726,92.1900024414062,92.2699966430664,9398700,83.1868896484375,Novartis,Switzerland,NVS
2023-11-03,93.8300018310546,94.3899993896484,92.4199981689453,92.7600021362304,10916200,83.628662109375,Novartis,Switzerland,NVS
2023-11-10,93.2600021362304,95.0100021362304,92.4100036621093,93.5400009155273,4984100,84.3318710327148,Novartis,Switzerland,NVS
2023-11-17,93.3000030517578,95.1699981689453,92.9100036621093,94.9100036621093,8922400,85.5670166015625,Novartis,Switzerland,NVS
2023-11-24,94.7399978637695,98.3300018310546,94.7099990844726,98.1399993896484,5894400,88.4790496826171,Novartis,Switzerland,NVS
2023-12-01,97.9400024414062,98.3199996948242,96.4899978637695,98.1299972534179,5611300,88.4700317382812,Novartis,Switzerland,NVS
2023-12-08,98.1699981689453,99.0599975585937,95.6699981689453,96.3000030517578,12868300,86.8201904296875,Novartis,Switzerland,NVS
2023-12-15,97.0199966430664,99.7399978637695,96.7200012207031,97.4000015258789,7232700,87.811897277832,Novartis,Switzerland,NVS
2023-12-22,98.6399993896484,99.3199996948242,97.1299972534179,98.75,5565900,89.0289916992187,Novartis,Switzerland,NVS
2023-12-29,98.4599990844726,101.040000915527,98.3300018310546,100.970001220703,4376700,91.0304718017578,Novartis,Switzerland,NVS
2024-01-05,100.099998474121,106.900001525878,100.099998474121,106.309997558593,5995000,95.8447875976562,Novartis,Switzerland,NVS
2024-01-12,107.26000213623,107.889999389648,105.480003356933,107.449996948242,7998100,96.8725662231445,Novartis,Switzerland,NVS
2024-01-19,107.620002746582,108.410003662109,107.050003051757,108.230003356933,4609100,97.5757904052734,Novartis,Switzerland,NVS
2024-01-26,108.360000610351,108.779998779296,106.580001831054,107.160003662109,5512500,96.6111221313476,Novartis,Switzerland,NVS
2024-02-02,107.5,107.959999084472,102.599998474121,103.720001220703,9286900,93.5097579956054,Novartis,Switzerland,NVS
2024-02-09,103.540000915527,104.239997863769,100.58999633789,101.029998779296,6107600,91.0845565795898,Novartis,Switzerland,NVS
2024-02-16,99.5599975585937,100.599998474121,98.7099990844726,100.190002441406,6097800,90.3272399902343,Novartis,Switzerland,NVS
2024-02-23,103.110000610351,104.139999389648,102.050003051757,103.900001525878,7469600,93.6720352172851,Novartis,Switzerland,NVS
2024-03-01,104.580001831054,104.650001525878,100.919998168945,102.059997558593,10291300,92.0131607055664,Novartis,Switzerland,NVS
2024-03-08,101.449996948242,103.029998779296,99.5699996948242,100.709999084472,5218400,94.2295989990234,Novartis,Switzerland,NVS
2024-03-15,101.050003051757,101.809997558593,96.6900024414062,97.2699966430664,6379600,91.0109481811523,Novartis,Switzerland,NVS
2024-03-22,96.9499969482421,97.0199966430664,95.25,96.2300033569336,4981600,90.0378799438476,Novartis,Switzerland,NVS
2024-03-29,96.1500015258789,97.1999969482421,95.0699996948242,96.7300033569336,8542800,90.5057067871093,Novartis,Switzerland,NVS
2024-04-05,96.8300018310546,98.2099990844726,93.9199981689453,95.7900009155273,8357700,89.6261901855468,Novartis,Switzerland,NVS
2024-04-12,95.7399978637695,96.1500015258789,93.4100036621093,93.5199966430664,9031000,87.5022583007812,Novartis,Switzerland,NVS
2024-04-19,94.1999969482421,94.9700012207031,92.3499984741211,94.3600006103515,7977400,88.2882080078125,Novartis,Switzerland,NVS
2024-04-26,94.7600021362304,99.5,94.7200012207031,97.4400024414062,12742300,91.1700134277343,Novartis,Switzerland,NVS
2024-05-03,97.7600021362304,97.9100036621093,96.7200012207031,97.2699966430664,7531100,91.0109481811523,Novartis,Switzerland,NVS
2024-05-10,97.5,102.139999389648,97.1100006103515,102.099998474121,6721600,95.530158996582,Novartis,Switzerland,NVS
2024-05-17,102.440002441406,103.550003051757,102.129997253417,102.569999694824,5704700,95.9699172973632,Novartis,Switzerland,NVS
2024-05-24,102.699996948242,103.129997253417,100.069999694824,100.529998779296,5028600,94.0611801147461,Novartis,Switzerland,NVS
2024-05-31,100.26000213623,103.370002746582,98.9100036621093,103.129997253417,5381400,96.4938812255859,Novartis,Switzerland,NVS
2024-06-07,103.230003356933,106.459999084472,102.720001220703,105.330001831054,6270200,98.5523147583007,Novartis,Switzerland,NVS
2024-06-14,105.069999694824,106.769996643066,104.209999084472,105.720001220703,8360500,98.9172286987304,Novartis,Switzerland,NVS
2024-06-21,104.440002441406,105.849998474121,104.230003356933,105.220001220703,4636700,98.4493942260742,Novartis,Switzerland,NVS
2024-06-28,107.470001220703,107.669998168945,106.110000610351,106.459999084472,6703400,99.6096038818359,Novartis,Switzerland,NVS
2024-07-05,106.580001831054,108.220001220703,105.900001525878,108.129997253417,4387600,101.172142028808,Novartis,Switzerland,NVS
2024-07-12,108.680000305175,112.480003356933,107.819999694824,111.699996948242,7821600,104.512428283691,Novartis,Switzerland,NVS
2024-07-19,112.040000915527,112.330001831054,105.720001220703,106.129997253417,9429900,99.3008346557617,Novartis,Switzerland,NVS
2024-07-26,107.959999084472,110.669998168945,107.230003356933,110.319999694824,7107900,103.221221923828,Novartis,Switzerland,NVS
2024-08-02,110.989997863769,113.0,110.440002441406,112.870002746582,5941100,105.607139587402,Novartis,Switzerland,NVS
2024-08-09,111.029998779296,112.190002441406,108.480003356933,111.889999389648,6272400,104.690200805664,Novartis,Switzerland,NVS
2024-08-16,111.459999084472,114.910003662109,111.099998474121,114.699996948242,4761600,107.319381713867,Novartis,Switzerland,NVS
2024-08-23,115.069999694824,118.58999633789,114.800003051757,118.559997558593,4437600,110.931007385253,Novartis,Switzerland,NVS
2024-08-30,118.690002441406,120.919998168945,118.680000305175,120.889999389648,4160100,113.11107635498,Novartis,Switzerland,NVS
2024-09-06,119.129997253417,119.440002441406,116.330001831054,116.650001525878,4785700,109.143905639648,Novartis,Switzerland,NVS
2024-09-13,116.879997253417,117.76000213623,113.819999694824,115.660003662109,6892100,108.217613220214,Novartis,Switzerland,NVS
2024-09-20,116.410003662109,116.980003356933,114.980003356933,115.940002441406,4300000,108.479591369628,Novartis,Switzerland,NVS
2024-09-27,116.33999633789,116.949996948242,114.910003662109,115.610000610351,4889800,108.170829772949,Novartis,Switzerland,NVS
2024-10-04,115.419998168945,115.5,112.800003051757,113.949996948242,4755600,106.617645263671,Novartis,Switzerland,NVS
2024-10-11,114.58999633789,116.26000213623,113.550003051757,116.220001220703,4915400,108.741577148437,Novartis,Switzerland,NVS
2024-10-18,115.919998168945,117.360000610351,115.800003051757,117.180000305175,3792000,109.63980102539,Novartis,Switzerland,NVS
2024-10-25,116.769996643066,116.849998474121,113.120002746582,113.790000915527,4189500,106.467941284179,Novartis,Switzerland,NVS
2024-11-01,114.279998779296,115.769996643066,107.940002441406,109.349998474121,10119000,102.313644409179,Novartis,Switzerland,NVS
2024-11-08,110.900001525878,111.230003356933,106.129997253417,106.449996948242,5639800,99.6002426147461,Novartis,Switzerland,NVS
2024-11-15,106.230003356933,106.410003662109,102.58999633789,103.059997558593,7089300,96.4283828735351,Novartis,Switzerland,NVS
2024-11-22,102.480003356933,105.190002441406,102.400001525878,104.279998779296,6163100,97.5698852539062,Novartis,Switzerland,NVS
2024-11-29,103.949996948242,105.970001220703,103.25,105.769996643066,4164000,98.963996887207,Novartis,Switzerland,NVS
2024-12-06,105.330001831054,105.349998474121,101.26000213623,101.989997863769,5440200,95.4272384643554,Novartis,Switzerland,NVS
2024-12-13,101.550003051757,102.129997253417,97.870002746582,98.3600006103515,5437700,92.0308151245117,Novartis,Switzerland,NVS
2024-12-20,98.0699996948242,99.6699981689453,96.0599975585937,97.1100006103515,6348300,90.8612518310546,Novartis,Switzerland,NVS
2024-12-27,97.7200012207031,98.5999984741211,97.0999984741211,98.3899993896484,2989800,92.0588836669921,Novartis,Switzerland,NVS
2025-01-03,98.0899963378906,98.0899963378906,96.9100036621093,97.6399993896484,4042700,91.3571472167968,Novartis,Switzerland,NVS
2025-01-10,97.8300018310546,100.669998168945,97.4800033569336,99.0800018310546,5959200,92.7044906616211,Novartis,Switzerland,NVS
2025-01-17,98.5599975585937,99.7799987792968,97.3899993896484,97.5299987792968,9163700,91.2542266845703,Novartis,Switzerland,NVS
2025-01-24,98.3000030517578,100.180000305175,98.120002746582,99.9700012207031,6983600,93.5372161865234,Novartis,Switzerland,NVS
2025-01-31,102.080001831054,106.779998779296,101.76000213623,104.720001220703,13088600,97.9815673828125,Novartis,Switzerland,NVS
2025-02-07,104.470001220703,110.080001831054,104.069999694824,106.26000213623,12221700,99.4224777221679,Novartis,Switzerland,NVS
2025-02-14,106.519996643066,108.08999633789,105.379997253417,105.430000305175,9784500,98.645881652832,Novartis,Switzerland,NVS
2025-02-21,106.279998779296,109.779998779296,106.099998474121,109.349998474121,6686500,102.313644409179,Novartis,Switzerland,NVS
2025-02-28,109.410003662109,112.980003356933,107.51000213623,109.050003051757,13908000,102.032943725585,Novartis,Switzerland,NVS
2025-03-07,109.699996948242,115.970001220703,109.699996948242,115.569999694824,11100900,108.133407592773,Novartis,Switzerland,NVS
2025-03-14,115.5,116.910003662109,107.639999389648,109.059997558593,9030900,105.83861541748,Novartis,Switzerland,NVS
2025-03-21,110.620002746582,113.379997253417,110.610000610351,112.129997253417,20563300,108.817932128906,Novartis,Switzerland,NVS
2025-03-28,111.940002441406,112.849998474121,108.650001525878,112.569999694824,10041100,109.244934082031,Novartis,Switzerland,NVS
2025-04-04,110.889999389648,114.440002441406,105.620002746582,105.849998474121,14111700,102.723426818847,Novartis,Switzerland,NVS
2025-04-11,101.58999633789,108.129997253417,97.7200012207031,107.519996643066,18257700,104.344100952148,Novartis,Switzerland,NVS
2025-04-18,107.150001525878,111.269996643066,107.080001831054,110.860000610351,7625600,107.58544921875,Novartis,Switzerland,NVS
2025-04-25,110.870002746582,112.269996643066,109.51000213623,112.139999389648,9305100,108.82763671875,Novartis,Switzerland,NVS
2025-05-02,112.330001831054,114.879997253417,110.430000305175,114.290000915527,11718800,110.91413116455,Novartis,Switzerland,NVS
2025-05-09,114.099998474121,114.160003662109,108.529998779296,108.699996948242,8196100,105.48924255371,Novartis,Switzerland,NVS
2025-05-16,106.819999694824,109.629997253417,104.930000305175,109.58999633789,9864400,106.352958679199,Novartis,Switzerland,NVS
2025-05-23,109.309997558593,113.669998168945,109.290000915527,112.75,6478200,109.419616699218,Novartis,Switzerland,NVS
2025-05-30,113.709999084472,115.860000610351,111.059997558593,115.76000213623,6404000,112.340713500976,Novartis,Switzerland,NVS
2025-06-06,116.08999633789,118.459999084472,115.279998779296,118.019996643066,5926400,114.533950805664,Novartis,Switzerland,NVS
2025-06-13,117.709999084472,120.919998168945,117.529998779296,119.449996948242,5241200,115.921714782714,Novartis,Switzerland,NVS
2025-06-20,119.0,119.529998779296,115.430000305175,115.769996643066,6085800,112.350410461425,Novartis,Switzerland,NVS
2025-06-27,115.959999084472,120.650001525878,115.889999389648,120.01000213623,6303900,116.465179443359,Novartis,Switzerland,NVS
2025-07-04,120.120002746582,124.449996948242,120.0,121.900001525878,5252700,118.299354553222,Novartis,Switzerland,NVS
2025-07-11,122.230003356933,124.830001831054,119.980003356933,121.019996643066,8164500,117.445343017578,Novartis,Switzerland,NVS
2025-07-18,120.430000305175,121.5,113.76000213623,114.25,13000800,110.875312805175,Novartis,Switzerland,NVS
2025-07-25,115.040000915527,118.319999694824,114.129997253417,117.699996948242,11618400,114.223403930664,Novartis,Switzerland,NVS
2025-08-01,117.25,117.779998779296,112.33999633789,115.300003051757,8315900,111.894302368164,Novartis,Switzerland,NVS
2025-08-08,116.190002441406,118.379997253417,113.480003356933,116.83999633789,8765300,113.388809204101,Novartis,Switzerland,NVS
2025-08-15,118.069999694824,124.309997558593,117.540000915527,124.209999084472,7261700,120.541114807128,Novartis,Switzerland,NVS
2025-08-22,123.790000915527,128.029998779296,123.790000915527,126.980003356933,5602200,123.229301452636,Novartis,Switzerland,NVS
2025-08-29,126.860000610351,127.069999694824,124.989997863769,126.550003051757,4181300,122.812004089355,Novartis,Switzerland,NVS
2025-09-05,126.069999694824,130.460006713867,125.660003662109,129.729995727539,5014600,125.898063659667,Novartis,Switzerland,NVS
2025-09-12,128.550003051757,129.070007324218,123.470001220703,124.120002746582,5827300,120.453781127929,Novartis,Switzerland,NVS
2025-09-19,123.209999084472,123.529998779296,121.680000305175,122.930000305175,6082600,119.298927307128,Novartis,Switzerland,NVS
2025-09-26,123.5,124.139999389648,122.209999084472,123.650001525878,4754900,119.997657775878,Novartis,Switzerland,NVS
2025-10-03,123.349998474121,133.369995117187,123.199996948242,132.389999389648,9893000,128.4794921875,Novartis,Switzerland,NVS
2025-10-10,132.259994506835,133.550003051757,129.929992675781,130.029998779296,9408600,126.189208984375,Novartis,Switzerland,NVS
2025-10-17,129.619995117187,132.440002441406,128.179992675781,131.429992675781,7503600,127.5478515625,Novartis,Switzerland,NVS
2025-10-24,131.410003662109,132.330001831054,130.279998779296,130.360000610351,6036500,126.509460449218,Novartis,Switzerland,NVS
2025-10-31,128.0,130.169998168945,121.569999694824,123.790000915527,13806000,120.133522033691,Novartis,Switzerland,NVS
2025-11-07,123.080001831054,127.110000610351,122.860000610351,126.349998474121,6964400,122.617904663085,Novartis,Switzerland,NVS
2025-11-14,126.690002441406,134.0,126.290000915527,131.259994506835,7535800,127.382873535156,Novartis,Switzerland,NVS
2025-11-21,132.389999389648,133.190002441406,123.239997863769,127.309997558593,10080500,123.549545288085,Novartis,Switzerland,NVS
2025-11-28,127.440002441406,131.190002441406,126.5,130.399993896484,6556300,126.548271179199,Novartis,Switzerland,NVS
2025-12-05,131.02000427246,134.240005493164,128.910003662109,132.160003662109,8070000,128.256301879882,Novartis,Switzerland,NVS
2025-12-12,132.830001831054,133.83999633789,129.979995727539,132.570007324218,9730100,128.654190063476,Novartis,Switzerland,NVS
2025-12-19,133.899993896484,137.399993896484,133.669998168945,136.059997558593,8752400,132.041091918945,Novartis,Switzerland,NVS
2025-12-26,136.479995727539,140.179992675781,136.0,139.179992675781,4568200,135.068923950195,Novartis,Switzerland,NVS
2026-01-02,138.860000610351,139.449996948242,137.02000427246,138.539993286132,3283900,134.447830200195,Novartis,Switzerland,NVS
2026-01-09,137.139999389648,143.490005493164,135.550003051757,141.539993286132,9199700,137.359222412109,Novartis,Switzerland,NVS
2026-01-16,142.979995727539,146.350006103515,140.309997558593,144.33999633789,8141800,140.076522827148,Novartis,Switzerland,NVS
2026-01-23,144.0,148.100006103515,142.820007324218,147.139999389648,6818900,142.793823242187,Novartis,Switzerland,NVS
2026-01-30,148.289993286132,152.479995727539,146.83999633789,148.679992675781,9838800,144.288314819335,Novartis,Switzerland,NVS
2026-02-06,149.630004882812,156.619995117187,149.380004882812,156.419998168945,16857300,151.799697875976,Novartis,Switzerland,NVS
2026-02-13,156.979995727539,163.419998168945,155.940002441406,163.100006103515,13457300,158.282394409179,Novartis,Switzerland,NVS
2026-02-20,166.779998779296,167.860000610351,161.75,162.669998168945,8784500,157.865097045898,Novartis,Switzerland,NVS
2026-02-27,163.660003662109,170.460006713867,163.660003662109,168.619995117187,16438800,163.639343261718,Novartis,Switzerland,NVS
2026-03-06,167.160003662109,167.610000610351,156.179992675781,160.119995117187,16257700,155.390411376953,Novartis,Switzerland,NVS
2026-03-13,159.52000427246,163.080001831054,153.179992675781,153.440002441406,14550900,153.440002441406,Novartis,Switzerland,NVS
2026-03-20,154.539993286132,155.789993286132,145.300003051757,146.029998779296,10728300,146.029998779296,Novartis,Switzerland,NVS
2026-03-27,147.210006713867,151.779998779296,146.220001220703,148.179992675781,7202800,148.179992675781,Novartis,Switzerland,NVS
2026-04-03,150.25,156.080001831054,149.559997558593,154.029998779296,8339100,154.029998779296,Novartis,Switzerland,NVS
2026-04-10,153.58999633789,156.460006713867,149.490005493164,154.050003051757,7230500,154.050003051757,Novartis,Switzerland,NVS
2026-04-17,153.720001220703,155.050003051757,149.380004882812,151.970001220703,5332000,151.970001220703,Novartis,Switzerland,NVS
2026-04-24,151.399993896484,152.039993286132,144.050003051757,145.470001220703,7359900,145.470001220703,Novartis,Switzerland,NVS
2026-05-01,144.669998168945,148.580001831054,142.25,146.570007324218,8364200,146.570007324218,Novartis,Switzerland,NVS
2026-05-08,145.550003051757,148.759994506835,144.449996948242,146.029998779296,6237100,146.029998779296,Novartis,Switzerland,NVS
2026-05-15,146.58999633789,150.559997558593,144.75,148.080001831054,6643300,148.080001831054,Novartis,Switzerland,NVS
2026-05-22,149.009994506835,152.550003051757,148.949996948242,152.009994506835,5821300,152.009994506835,Novartis,Switzerland,NVS
2026-05-29,152.300003051757,152.490005493164,149.960006713867,150.169998168945,5314600,150.169998168945,Novartis,Switzerland,NVS
2026-06-05,146.919998168945,149.160003662109,142.259994506835,149.160003662109,11125100,149.160003662109,Novartis,Switzerland,NVS
2026-06-12,147.539993286132,154.710006713867,146.389999389648,153.070007324218,9754000,153.070007324218,Novartis,Switzerland,NVS
2026-06-19,153.070007324218,153.320007324218,146.919998168945,147.080001831054,6807200,147.080001831054,Novartis,Switzerland,NVS
2026-06-26,146.940002441406,156.380004882812,146.600006103515,155.410003662109,18303400,155.410003662109,Novartis,Switzerland,NVS
2026-07-03,156.139999389648,160.570007324218,153.220001220703,159.899993896484,7576000,159.899993896484,Novartis,Switzerland,NVS
2026-07-10,157.320007324218,157.929992675781,153.630004882812,154.050003051757,8219200,154.050003051757,Novartis,Switzerland,NVS
2026-07-17,152.679992675781,155.300003051757,149.649993896484,153.759994506835,9136100,153.759994506835,Novartis,Switzerland,NVS
2026-07-24,153.169998168945,159.300003051757,149.330001831054,155.009994506835,9886100,155.009994506835,Novartis,Switzerland,NVS
2026-07-31,156.58999633789,160.33999633789,155.029998779296,156.149993896484,8569800,156.149993896484,Novartis,Switzerland,NVS
2026-08-07,155.660003662109,156.679992675781,152.990005493164,156.330001831054,6905400,156.330001831054,Novartis,Switzerland,NVS
2026-08-14,155.83999633789,157.33999633789,149.08999633789,150.880004882812,7651700,150.880004882812,Novartis,Switzerland,NVS
2026-08-21,151.229995727539,160.809997558593,150.830001831054,160.309997558593,5012100,160.309997558593,Novartis,Switzerland,NVS
