,,,,,,,,
Zydus Lifesciences Limited | Cash Flow (As Reported),,,,,,,,
NSEI: ZYDUSLIFE (MI KEY: 4810897; SPCIQ KEY: 865192),,,,,,,,
Source: S&P Capital IQ - Standard,,,,,,,,
Period Category: Fiscal,,,,,,,,
Period Type: YTD,,,,,,,,
Sort Order: Latest on Right,,,,,,,,
Currency: Indian Rupee (INR),,,,,,,,
S&P Capital IQ - Standard,2019 FQ2 YTD,2020 FQ2 YTD,2021 FQ2 YTD,2022 FQ2 YTD,2023 FQ2 YTD,2024 FQ2 YTD,2025 FQ2 YTD,2026 FQ2 YTD
Period Ended,2018-09-30 00:00:00,2019-09-30 00:00:00,2020-09-30 00:00:00,2021-09-30 00:00:00,2022-09-30 00:00:00,2023-09-30 00:00:00,2024-09-30 00:00:00,2025-09-30 00:00:00
Currency,INR,INR,INR,INR,INR,INR,INR,INR
Units,Millions,Millions,Millions,Millions,Millions,Millions,Millions,Millions
Operating Activities,,,,,,,,
Profit before Tax and Share of Profit/(toss) of Joint Ventures,11045,5163,10620,16610,13238,23364,31706,36080
"Depreciation, Amortization and Impairment Expense",2893,,3474,3675,3625,3640,4489,5400
"Gain/loss on Disposal of Property, Plant and Equipment-net",,,,,,,-387,26
"Net Gain on Disposal of Property, Plant, and Equipment",30,,33,19,19,-137,,
Exceptional Items - Profit on Sale of Brands (net),,,,-1127,,,,
Fvtpl Gain/profit on Sale of Investments (net),-874,,-57,-247,-322,-184,-332,-582
Bad Debt Written off,7,,44,4,27,,,
"Expected Credit Loss on Trade Receivables, Net",,,29,9,-24,63,209,327
Exchange Rate Fluctuation and Other Adjustments Arising on Consolidation,-2607,,-4811,-172,,,,
Foreign Currency Monetary Items Translation Difference Account Written Off,36,,,,-2480,-967,,
Interest Expenses (including Effect of Foreign Exchange Movement in Borrowing),672,,,,,,,
Exchange rate fluctuation and other related adjustments arising on Consolidation,,,,,,,447,-7308
"Income Taxes Paid, Net of Refunds",,,,,,,-7548,-10252
Direct Taxes Paid (net of Refunds),-2368,,-1129,-3517,-2092,-5633,,
Discontinued Operations,,,656,24118,-50,-26,4,
Profit from Disposal of Disposal Group Constituting the Discontinued Operations (net),,,,-26806,,,,
Exceptional Items,,,1320,,29,142,,
Interest Expense,,,1160,547,667,240,547,1818
Interest Incomes,-312,,-276,-233,-456,-470,-600,-2226
Change in Non-controlling Interest,45,,,,,,,
Provision for Employee Benefits,-58,,214,53,-718,309,225,325
Other Provisions,169,,,,,,,
Dividend Income,-4,,-5,-5,-10,-12,-10,-12
Operating Profit before Working Capital Changes,,13522,,,,,,
CIQ Balancing Calc. - Operating Activities,,-4451,,,,,,
Doubtful Advances Written Off,1,,15,,,,,
Provisions for Probable Product Expiry Claims and Return of Goods (net of Written Back),,,423,,-103,73,1171,90
Allowance for Doubtful Advances (net of Written Back),,,140,-74,-1,,13,-3
Exceptional Items - Other Than Above,,,,2084,,,,
Gain/loss on Valuation of Forward Contract Value Related to Investment in a Joint Venture,-96,,-144,-27,-61,-77,,
Provision for probable product expiry daims and return of goods (net of written back),,,,280,,,,
Net Loss on Fair Valuation of Swap Contract,,,,,,,,226
Loss on valuation of Forward Contract value related to investment in a Joint Venture,,,,,,,60,
Trade Receivables,5174,,4198,-1211,-2228,5342,,
Change in Trade Receivables,,,,,,,5546,-5902
Changes in Inventories,-2663,,-85,-3871,4144,1265,-2707,869
Trade Payables,,,,,,,-387,-5037
Change in Trade Payables,-2601,,2884,-890,-4631,-5220,,
Changes in Other Assets,1459,,-1799,1753,1835,-211,1055,-2064
Changes in Other Liabilities,-2188,,90,1151,883,628,2287,-2315
Cash Flow from Operating Activities,7760,14234,16994,12123,11291,22129,35788,9460
Investing Activities,,,,,,,,
"Purchase of Property, Plant and Equipment and Intangible Assets",-7162,,-2700,-6063,-5312,-4651,,
"Purchase of property, plant and equipment and intangible assets (including payment towards Capital work-in-progress, intangible asset under development and Capital advances)",,,,,,,-9740,-8675
"Proceeds from Sales of Property, Plant, and Equipment and Intangible Assets",16,,90,172,40,199,452,89
Payments for Acquisition of Businesses,,,,,,,,-54637
Purchase of Non-current Investments in Subsidiaries,,,-500,,,,,
Proceeds from Sale of Interest in a Subsidiary,,,1035,,,,,
Proceeds from redemption of Non-Current investments - subsidiaries,,,,,250,,,
Proceeds from Sale of Brands (net),,,,1127,,,,
Fvtpl Gain/profit (net) on Sale of Investments Which are Considered as Part of Cash and Cash Equivalents,,,57,247,,,,
Investment in Liquid Mutual Funds (net),,,,,21846,,,
Bank balances (including fixed deposits) not Considered as Cash and Cash equivalents (Net),,,,,1204,-2289,,
(Investments in)/redemption of Current investments (Net),,,,,,253,,
Redemption of/Investments in Current investments (Net),,,,,,,-6057,6277
Proceeds from Sale of Investment in a Joint Venture,,,,,,,185,
Payment for acquisition of joint Control,,,,,,,-6500,
Proceeds from Sale of Non-current Investments,,,,,,,100,
Purchase of Non-current Investments,,,,,,,-386,-140
Investments in Deposits Other Than Banks,,,,-6190,,,,
Purchase of Non-current Investments - Other Than Subsidiaries,,,,,-105,-1060,,
Proceeds from sale of Non-Current investments - other than subsidiaries,,,,,103,,,
Investments in deposits other than banks (Net),,,,,-1133,,,
Proceeds from sale of Non-Current investments of a joint venture,890,,,,,,,
Loans to others Repayment,,,,,,,,641
Fvtpl Gain/profit on Sale of Investments (net),210,,,,,,,
Other-net Cash Used Tn Investing Activities,,-4203,,,,,,
Change in Bank balances (including fixed deposits) not Considered as Cash and Cash equivalents,,,,,,,1614,2279
Proceeds from Disposal of Disposal Group Constituting the Discontinued Operations (net),,,,28585,,,,
Dividends Received,4,,5,5,10,12,10,12
Interest Received,312,,276,233,429,443,505,2227
Cash Flow from Investing Activities,-5730,-4203,-1737,18116,17332,-7093,-19817,-51927
Financing Activities,,,,,,,,
Repayments of Non-current Borrowings,-760,,-16204,-6690,-3897,-827,,
Proceeds from Non-current Borrowings,1435,,,4962,1550,,,56907
"Current Borrowings, Net",-2260,,4265,1382,-16340,-9288,,
Current Borrowings (Net - (Repayment),,,,,,,-6175,-4315
Lease Liabilities - Net,,,-52,-72,9,79,31,-33
Buyback of equity shares (including tax and transaction Cost),,,,,-8632,,,
Dividends Paid,-3583,,,-3586,-2668,-6207,-3029,-11057
Proceeds from Issuance of Share Capital By a Subsidiary to Non-controlling Interests,,,9999,,,,,
Other Financing Activities,,-6869,,,,,,
Tax on Dividend Paid,-730,,,,,,,
Premium Paid on Purchase of the Ncds,,,-1320,,,,,
Interest Paid,2381,,-1454,-547,-660,-208,-137,-1055
Cash Flow from Financing Activities,-3517,-6869,-4766,-4551,-30638,-16451,-9310,40447
Other Adjustments,,,,,,,,
Cash Flow Net Changes in Cash,-1487,3162,10456,25450,-2028,-1415,6484,548
Effect of Exchange Rates on Cash and Cash Equivalents,,,-35,9,-13,,,
Effect of Foreign Exchange Rate Changes on Cash and Cash Equivalents,,,,,,,-177,784
Cash and Cash Equivalents of the Acquired Subsidiaries,,,,,,,,1784
Reduction in Cash and Cash Equivalents of the Disposed/held for Sale Subsidiaries,,,,-247,,,,
"Data shown on this page is extracted directly from the company’s documents. S&P Global Market Intelligence makes every effort to line up fields, captions and headers that represent the same data over time, despite variations in how the company may report these items in different documents. In certain instances the variation in the company’s presentation over time may be too significant, potentially resulting in repeating and/or disordered items. Despite possible issues with the presentation, S&P Global Market Intelligence, as always, stands by its commitment to the quality of the data.",,,,,,,,
