unnamed,2026-03-31,2025-03-31,2024-03-31,2023-03-31,company,unnamed_2,unnamed_3,unnamed_4,unnamed_5,unnamed_6,unnamed_7,unnamed_8,unnamed_9,unnamed_10,unnamed_11,unnamed_12,unnamed_13,unnamed_14,unnamed_15,unnamed_16,unnamed_17,unnamed_18,unnamed_19,unnamed_20,unnamed_21,unnamed_22,unnamed_23,unnamed_24,unnamed_25,unnamed_26,unnamed_27,unnamed_28,unnamed_29,unnamed_30,unnamed_31,unnamed_32,unnamed_33,unnamed_34,unnamed_35,unnamed_36,unnamed_37,unnamed_38,unnamed_39,unnamed_40,unnamed_41,unnamed_42,unnamed_43,unnamed_44,unnamed_45,unnamed_46,unnamed_47,unnamed_48,unnamed_49,unnamed_50,unnamed_51,unnamed_52,unnamed_53,unnamed_54
Tax Effect Of Unusual Items,-594930000.0,2669867698.505248,1555350000.0,-149700000.0,Biocon,,,,,,,,,,,,,,,,,,,,,,,,,,,,,,,,,,,,,,,,,,,,,,,,,,,,,
Tax Rate For Calcs,0.21,0.242341,0.15,0.15,Biocon,,,,,,,,,,,,,,,,,,,,,,,,,,,,,,,,,,,,,,,,,,,,,,,,,,,,,
Normalized EBITDA,36527000000.0,33596000000.0,30315000000.0,25290000000.0,Biocon,,,,,,,,,,,,,,,,,,,,,,,,,,,,,,,,,,,,,,,,,,,,,,,,,,,,,
Total Unusual Items,-2833000000.0,11017000000.0,10369000000.0,-998000000.0,Biocon,,,,,,,,,,,,,,,,,,,,,,,,,,,,,,,,,,,,,,,,,,,,,,,,,,,,,
Total Unusual Items Excluding Goodwill,-2833000000.0,11017000000.0,10369000000.0,-998000000.0,Biocon,,,,,,,,,,,,,,,,,,,,,,,,,,,,,,,,,,,,,,,,,,,,,,,,,,,,,
Net Income From Continuing Operation Net Minority Interest,3856000000.0,10133000000.0,10225000000.0,4627000000.0,Biocon,,,,,,,,,,,,,,,,,,,,,,,,,,,,,,,,,,,,,,,,,,,,,,,,,,,,,
Reconciled Depreciation,19567000000.0,16870000000.0,15688000000.0,11131000000.0,Biocon,,,,,,,,,,,,,,,,,,,,,,,,,,,,,,,,,,,,,,,,,,,,,,,,,,,,,
Reconciled Cost Of Revenue,56948000000.0,51980000000.0,49066000000.0,36668000000.0,Biocon,,,,,,,,,,,,,,,,,,,,,,,,,,,,,,,,,,,,,,,,,,,,,,,,,,,,,
EBITDA,33694000000.0,44613000000.0,40684000000.0,24292000000.0,Biocon,,,,,,,,,,,,,,,,,,,,,,,,,,,,,,,,,,,,,,,,,,,,,,,,,,,,,
EBIT,14127000000.0,27743000000.0,24996000000.0,13161000000.0,Biocon,,,,,,,,,,,,,,,,,,,,,,,,,,,,,,,,,,,,,,,,,,,,,,,,,,,,,
Net Interest Income,-8749000000.0,-7887000000.0,-8131000000.0,-3066000000.0,Biocon,,,,,,,,,,,,,,,,,,,,,,,,,,,,,,,,,,,,,,,,,,,,,,,,,,,,,
Interest Expense,9648000000.0,8877000000.0,9744000000.0,4190000000.0,Biocon,,,,,,,,,,,,,,,,,,,,,,,,,,,,,,,,,,,,,,,,,,,,,,,,,,,,,
Interest Income,1154000000.0,1087000000.0,1613000000.0,1124000000.0,Biocon,,,,,,,,,,,,,,,,,,,,,,,,,,,,,,,,,,,,,,,,,,,,,,,,,,,,,
Normalized Income,6094070000.0,1785867698.505248,1411350000.0,5475300000.0,Biocon,,,,,,,,,,,,,,,,,,,,,,,,,,,,,,,,,,,,,,,,,,,,,,,,,,,,,
Net Income From Continuing And Discontinued Operation,3856000000.0,10133000000.0,10225000000.0,4627000000.0,Biocon,,,,,,,,,,,,,,,,,,,,,,,,,,,,,,,,,,,,,,,,,,,,,,,,,,,,,
Total Expenses,150578000000.0,134263000000.0,127613000000.0,93070000000.0,Biocon,,,,,,,,,,,,,,,,,,,,,,,,,,,,,,,,,,,,,,,,,,,,,,,,,,,,,
Rent Expense Supplemental,253000000.0,195000000.0,3000000.0,29000000.0,Biocon,,,,,,,,,,,,,,,,,,,,,,,,,,,,,,,,,,,,,,,,,,,,,,,,,,,,,
Diluted Average Shares,1368563074.0,1198201789.0,1196870502.0,1195925590.0,Biocon,,,,,,,,,,,,,,,,,,,,,,,,,,,,,,,,,,,,,,,,,,,,,,,,,,,,,
Basic Average Shares,1366199012.0,1197455499.0,1195428813.0,1193095945.0,Biocon,,,,,,,,,,,,,,,,,,,,,,,,,,,,,,,,,,,,,,,,,,,,,,,,,,,,,
Diluted EPS,2.82,8.46,8.54,3.87,Biocon,,,,,,,,,,,,,,,,,,,,,,,,,,,,,,,,,,,,,,,,,,,,,,,,,,,,,
Basic EPS,2.82,8.46,8.55,3.88,Biocon,,,,,,,,,,,,,,,,,,,,,,,,,,,,,,,,,,,,,,,,,,,,,,,,,,,,,
Diluted NI Availto Com Stockholders,3856000000.0,10133000000.0,10225000000.0,4627000000.0,Biocon,,,,,,,,,,,,,,,,,,,,,,,,,,,,,,,,,,,,,,,,,,,,,,,,,,,,,
Net Income Common Stockholders,3856000000.0,10133000000.0,10225000000.0,4627000000.0,Biocon,,,,,,,,,,,,,,,,,,,,,,,,,,,,,,,,,,,,,,,,,,,,,,,,,,,,,
Otherunder Preferred Stock Dividend,0.0,0.0,0.0,0.0,Biocon,,,,,,,,,,,,,,,,,,,,,,,,,,,,,,,,,,,,,,,,,,,,,,,,,,,,,
Net Income,3856000000.0,10133000000.0,10225000000.0,4627000000.0,Biocon,,,,,,,,,,,,,,,,,,,,,,,,,,,,,,,,,,,,,,,,,,,,,,,,,,,,,
Minority Interests,168000000.0,-4161000000.0,-2753000000.0,-1803000000.0,Biocon,,,,,,,,,,,,,,,,,,,,,,,,,,,,,,,,,,,,,,,,,,,,,,,,,,,,,
Net Income Including Noncontrolling Interests,3688000000.0,14294000000.0,12978000000.0,6430000000.0,Biocon,,,,,,,,,,,,,,,,,,,,,,,,,,,,,,,,,,,,,,,,,,,,,,,,,,,,,
Net Income Continuous Operations,3688000000.0,14294000000.0,12978000000.0,6430000000.0,Biocon,,,,,,,,,,,,,,,,,,,,,,,,,,,,,,,,,,,,,,,,,,,,,,,,,,,,,
Tax Provision,791000000.0,4572000000.0,2274000000.0,2541000000.0,Biocon,,,,,,,,,,,,,,,,,,,,,,,,,,,,,,,,,,,,,,,,,,,,,,,,,,,,,
Pretax Income,4479000000.0,18866000000.0,15252000000.0,8971000000.0,Biocon,,,,,,,,,,,,,,,,,,,,,,,,,,,,,,,,,,,,,,,,,,,,,,,,,,,,,
Other Non Operating Income Expenses,639000000.0,11000000.0,34000000.0,39000000.0,Biocon,,,,,,,,,,,,,,,,,,,,,,,,,,,,,,,,,,,,,,,,,,,,,,,,,,,,,
Special Income Charges,-4465000000.0,11432000000.0,8668000000.0,-806000000.0,Biocon,,,,,,,,,,,,,,,,,,,,,,,,,,,,,,,,,,,,,,,,,,,,,,,,,,,,,
Other Special Charges,4187000000.0,-11462000000.0,-8679000000.0,796000000.0,Biocon,,,,,,,,,,,,,,,,,,,,,,,,,,,,,,,,,,,,,,,,,,,,,,,,,,,,,
Write Off,278000000.0,30000000.0,11000000.0,10000000.0,Biocon,,,,,,,,,,,,,,,,,,,,,,,,,,,,,,,,,,,,,,,,,,,,,,,,,,,,,
Net Non Operating Interest Income Expense,-8749000000.0,-7887000000.0,-8131000000.0,-3066000000.0,Biocon,,,,,,,,,,,,,,,,,,,,,,,,,,,,,,,,,,,,,,,,,,,,,,,,,,,,,
Total Other Finance Cost,255000000.0,97000000.0,,,Biocon,,,,,,,,,,,,,,,,,,,,,,,,,,,,,,,,,,,,,,,,,,,,,,,,,,,,,
Interest Expense Non Operating,9648000000.0,8877000000.0,9744000000.0,4190000000.0,Biocon,,,,,,,,,,,,,,,,,,,,,,,,,,,,,,,,,,,,,,,,,,,,,,,,,,,,,
Interest Income Non Operating,1154000000.0,1087000000.0,1613000000.0,1124000000.0,Biocon,,,,,,,,,,,,,,,,,,,,,,,,,,,,,,,,,,,,,,,,,,,,,,,,,,,,,
Operating Income,17221000000.0,16259000000.0,14345000000.0,16271000000.0,Biocon,,,,,,,,,,,,,,,,,,,,,,,,,,,,,,,,,,,,,,,,,,,,,,,,,,,,,
Operating Expense,93630000000.0,82283000000.0,78547000000.0,56402000000.0,Biocon,,,,,,,,,,,,,,,,,,,,,,,,,,,,,,,,,,,,,,,,,,,,,,,,,,,,,
Other Operating Expenses,19178000000.0,16583000000.0,22128000000.0,15917000000.0,Biocon,,,,,,,,,,,,,,,,,,,,,,,,,,,,,,,,,,,,,,,,,,,,,,,,,,,,,
Depreciation And Amortization In Income Statement,19567000000.0,16870000000.0,15688000000.0,11131000000.0,Biocon,,,,,,,,,,,,,,,,,,,,,,,,,,,,,,,,,,,,,,,,,,,,,,,,,,,,,
Amortization,8022000000.0,6859000000.0,6295000000.0,2914000000.0,Biocon,,,,,,,,,,,,,,,,,,,,,,,,,,,,,,,,,,,,,,,,,,,,,,,,,,,,,
Depreciation Income Statement,11545000000.0,10011000000.0,9393000000.0,8217000000.0,Biocon,,,,,,,,,,,,,,,,,,,,,,,,,,,,,,,,,,,,,,,,,,,,,,,,,,,,,
Research And Development,7085000000.0,6341000000.0,7123000000.0,4898000000.0,Biocon,,,,,,,,,,,,,,,,,,,,,,,,,,,,,,,,,,,,,,,,,,,,,,,,,,,,,
Selling General And Administration,13732000000.0,12720000000.0,8860000000.0,4867000000.0,Biocon,,,,,,,,,,,,,,,,,,,,,,,,,,,,,,,,,,,,,,,,,,,,,,,,,,,,,
Selling And Marketing Expense,6988000000.0,6499000000.0,2966000000.0,2216000000.0,Biocon,,,,,,,,,,,,,,,,,,,,,,,,,,,,,,,,,,,,,,,,,,,,,,,,,,,,,
General And Administrative Expense,6744000000.0,6221000000.0,5894000000.0,2651000000.0,Biocon,,,,,,,,,,,,,,,,,,,,,,,,,,,,,,,,,,,,,,,,,,,,,,,,,,,,,
Rent And Landing Fees,253000000.0,195000000.0,3000000.0,29000000.0,Biocon,,,,,,,,,,,,,,,,,,,,,,,,,,,,,,,,,,,,,,,,,,,,,,,,,,,,,
Gross Profit,110851000000.0,98542000000.0,92892000000.0,72673000000.0,Biocon,,,,,,,,,,,,,,,,,,,,,,,,,,,,,,,,,,,,,,,,,,,,,,,,,,,,,
Cost Of Revenue,56948000000.0,51980000000.0,49066000000.0,36668000000.0,Biocon,,,,,,,,,,,,,,,,,,,,,,,,,,,,,,,,,,,,,,,,,,,,,,,,,,,,,
Total Revenue,167799000000.0,150522000000.0,141958000000.0,109341000000.0,Biocon,,,,,,,,,,,,,,,,,,,,,,,,,,,,,,,,,,,,,,,,,,,,,,,,,,,,,
Operating Revenue,167799000000.0,150522000000.0,141958000000.0,109341000000.0,Biocon,,,,,,,,,,,,,,,,,,,,,,,,,,,,,,,,,,,,,,,,,,,,,,,,,,,,,
Biocon Limited | Balance Sheet (As Reported),,,,,Biocon,,,,,,,,,,,,,,,,,,,,,,,,,,,,,,,,,,,,,,,,,,,,,,,,,,,,,
NSEI: BIOCON (MI KEY: 4810932; SPCIQ KEY: 8835628),,,,,Biocon,,,,,,,,,,,,,,,,,,,,,,,,,,,,,,,,,,,,,,,,,,,,,,,,,,,,,
Source: S&P Capital IQ - Standard,,,,,Biocon,,,,,,,,,,,,,,,,,,,,,,,,,,,,,,,,,,,,,,,,,,,,,,,,,,,,,
Period Category: Fiscal,,,,,Biocon,,,,,,,,,,,,,,,,,,,,,,,,,,,,,,,,,,,,,,,,,,,,,,,,,,,,,
Period Type: Years,,,,,Biocon,,,,,,,,,,,,,,,,,,,,,,,,,,,,,,,,,,,,,,,,,,,,,,,,,,,,,
Sort Order: Latest on Right,,,,,Biocon,,,,,,,,,,,,,,,,,,,,,,,,,,,,,,,,,,,,,,,,,,,,,,,,,,,,,
Currency: Indian Rupee (INR),,,,,Biocon,,,,,,,,,,,,,,,,,,,,,,,,,,,,,,,,,,,,,,,,,,,,,,,,,,,,,
S&P Capital IQ - Standard,,,,,Biocon,2014 FY,2015 FY,2016 FY,2017 FY,2018 FY,2019 FY,2020 FY,2021 FY,2022 FY,2023 FY,2024 FY,2025 FY,2026 FY,,,,,,,,,,,,,,,,,,,,,,,,,,,,,,,,,,,,,,,,
Period Ended,,,,,Biocon,2014-03-31 00:00:00,2015-04-01 00:00:00,2016-03-31 00:00:00,2017-03-31 00:00:00,2018-03-31 00:00:00,2019-03-31 00:00:00,2020-03-31 00:00:00,2021-03-31 00:00:00,2022-03-31 00:00:00,2023-03-31 00:00:00,2024-03-31 00:00:00,2025-03-31 00:00:00,2026-03-31 00:00:00,,,,,,,,,,,,,,,,,,,,,,,,,,,,,,,,,,,,,,,,
Currency,,,,,Biocon,INR,INR,INR,INR,INR,INR,INR,INR,INR,INR,INR,INR,INR,,,,,,,,,,,,,,,,,,,,,,,,,,,,,,,,,,,,,,,,
Units,,,,,Biocon,Millions,Millions,Millions,Millions,Millions,Millions,Millions,Millions,Millions,Millions,Millions,Millions,Millions,,,,,,,,,,,,,,,,,,,,,,,,,,,,,,,,,,,,,,,,
Current Assets,,,,,Biocon,,,,,,,,,,,,,,,,,,,,,,,,,,,,,,,,,,,,,,,,,,,,,,,,,,,,,
Cash and Cash Equivalents,,,,,Biocon,8044,4575,7613,7102,5012,7298,9101,9531,6630,13235,12336,32271,24165,,,,,,,,,,,,,,,,,,,,,,,,,,,,,,,,,,,,,,,,
Other Bank Balances,,,,,Biocon,,4629,7773,3341,8216,3274,,,,,,,,,,,,,,,,,,,,,,,,,,,,,,,,,,,,,,,,,,,,,,,
Bank Balances Other Than (iii) Above,,,,,Biocon,,,,,,,885,10623,10845,10766,,8931,7771,,,,,,,,,,,,,,,,,,,,,,,,,,,,,,,,,,,,,,,,
Iv) Bank balances other than (ili) above,,,,,Biocon,,,,,,,,,,,10251,,,,,,,,,,,,,,,,,,,,,,,,,,,,,,,,,,,,,,,,,,
Investments,,,,,Biocon,7004,2478,8747,10650,6114,8293,8576,12087,12177,13265,,,,,,,,,,,,,,,,,,,,,,,,,,,,,,,,,,,,,,,,,,,
Iinvestments,,,,,Biocon,,,,,,,,,,,3156,4473,6898,,,,,,,,,,,,,,,,,,,,,,,,,,,,,,,,,,,,,,,,
Trade Receivables,,,,,Biocon,5998,6833,7145,8832,10639,12918,12237,15033,20582,35732,,54879,59868,,,,,,,,,,,,,,,,,,,,,,,,,,,,,,,,,,,,,,,,
Ji) Trade Receivable,,,,,Biocon,,,,,,,,,,,62306,,,,,,,,,,,,,,,,,,,,,,,,,,,,,,,,,,,,,,,,,,
Loans and Advances,,,,,Biocon,818,,,,,,,,671,,,,,,,,,,,,,,,,,,,,,,,,,,,,,,,,,,,,,,,,,,,,
Inventories,,,,,Biocon,3766,4756,5424,6353,7225,10316,14359,18666,22982,42437,49439,49311,60857,,,,,,,,,,,,,,,,,,,,,,,,,,,,,,,,,,,,,,,,
Derivatives Assets,,,,,Biocon,,350,511,1059,995,775,194,833,1223,704,,,,,,,,,,,,,,,,,,,,,,,,,,,,,,,,,,,,,,,,,,,
(V) Derivative Assets,,,,,Biocon,,,,,,,,,,,,964,218,,,,,,,,,,,,,,,,,,,,,,,,,,,,,,,,,,,,,,,,
Vj Derivative assets,,,,,Biocon,,,,,,,,,,,1384,,,,,,,,,,,,,,,,,,,,,,,,,,,,,,,,,,,,,,,,,,
Other Current Assets,,,,,Biocon,758,661,652,997,1370,2145,3395,3638,4207,5880,7151,7474,8871,,,,,,,,,,,,,,,,,,,,,,,,,,,,,,,,,,,,,,,,
Other Financial Assets,,,,,Biocon,,468,1844,2143,1915,3866,4503,5071,4506,1321,,4559,3150,,,,,,,,,,,,,,,,,,,,,,,,,,,,,,,,,,,,,,,,
Assets Classified as Held for Sale,,,,,Biocon,,,,,,,,522,,,,,,,,,,,,,,,,,,,,,,,,,,,,,,,,,,,,,,,,,,,,,
Vi Other Financial Assets,,,,,Biocon,,,,,,,,,,,5769,,,,,,,,,,,,,,,,,,,,,,,,,,,,,,,,,,,,,,,,,,
Total Current Assets,,,,,Biocon,26388,24750,39709,40477,41486,48885,53250,76004,83823,123340,151792,162862,171798,,,,,,,,,,,,,,,,,,,,,,,,,,,,,,,,,,,,,,,,
Noncurrent Assets,,,,,Biocon,,,,,,,,,,,,,,,,,,,,,,,,,,,,,,,,,,,,,,,,,,,,,,,,,,,,,
Right of Use Assets,,,,,Biocon,,,,,,,1283,1533,2673,2582,5745,6042,5780,,,,,,,,,,,,,,,,,,,,,,,,,,,,,,,,,,,,,,,,
Capital Work in Progress,,,,,Biocon,10831,15582,20597,5327,7789,12869,15765,22535,34203,25875,39852,41017,46127,,,,,,,,,,,,,,,,,,,,,,,,,,,,,,,,,,,,,,,,
Tangible Assets,,,,,Biocon,15035,15982,16811,35529,36297,42527,53932,55573,56767,72769,74181,87082,94728,,,,,,,,,,,,,,,,,,,,,,,,,,,,,,,,,,,,,,,,
Investments in Associates and a Joint Venture,,,,,Biocon,,384,259,422,638,431,142,1795,80,1378,,,,,,,,,,,,,,,,,,,,,,,,,,,,,,,,,,,,,,,,,,,
Non-current Investments,,,,,Biocon,645,,,1458,,1394,943,5637,3622,6045,,,,,,,,,,,,,,,,,,,,,,,,,,,,,,,,,,,,,,,,,,,
Iinvestments,,,,,Biocon,,,,,,,,,,,6841,6797,10893,,,,,,,,,,,,,,,,,,,,,,,,,,,,,,,,,,,,,,,,
Deferred Tax Asset-net,,,,,Biocon,,320,715,1975,1934,3247,3680,3077,2933,3010,3173,2577,5556,,,,,,,,,,,,,,,,,,,,,,,,,,,,,,,,,,,,,,,,
Derivatives Assets,,,,,Biocon,,874,614,1092,1109,710,257,656,1468,1454,,1874,430,,,,,,,,,,,,,,,,,,,,,,,,,,,,,,,,,,,,,,,,
Ii Derivative assets,,,,,Biocon,,,,,,,,,,,2657,,,,,,,,,,,,,,,,,,,,,,,,,,,,,,,,,,,,,,,,,,
"Income Tax Assets, Net",,,,,Biocon,,890,852,895,1273,1693,2417,2648,3135,3543,4129,3706,4296,,,,,,,,,,,,,,,,,,,,,,,,,,,,,,,,,,,,,,,,
Long-term Loans and Advances,,,,,Biocon,2693,,,,,,,,,,,,,,,,,,,,,,,,,,,,,,,,,,,,,,,,,,,,,,,,,,,,
Goodwill,,,,,Biocon,,264,264,264,264,264,264,264,264,161362,163724,167857,183775,,,,,,,,,,,,,,,,,,,,,,,,,,,,,,,,,,,,,,,,
Intangible Assets,,,,,Biocon,217,,,,,,,,,,,,,,,,,,,,,,,,,,,,,,,,,,,,,,,,,,,,,,,,,,,,
Other Intangible Assets,,,,,Biocon,,228,408,458,434,1919,4232,6269,5986,57964,62786,58652,80576,,,,,,,,,,,,,,,,,,,,,,,,,,,,,,,,,,,,,,,,
Intangible Assets Under Development,,,,,Biocon,1225,1718,1798,3065,5239,6120,6195,5467,6901,47295,40081,44067,23740,,,,,,,,,,,,,,,,,,,,,,,,,,,,,,,,,,,,,,,,
Other Non-current Assets,,,,,Biocon,472,2123,2287,2775,3186,1474,1514,1756,1631,2981,4280,4757,2848,,,,,,,,,,,,,,,,,,,,,,,,,,,,,,,,,,,,,,,,
Other Financial Assets,,,,,Biocon,,193,258,197,248,391,564,2009,454,10830,,683,5959,,,,,,,,,,,,,,,,,,,,,,,,,,,,,,,,,,,,,,,,
Investment Property,,,,,Biocon,,11,9,8,,,,,,,,,,,,,,,,,,,,,,,,,,,,,,,,,,,,,,,,,,,,,,,,,
Ui Other Financial Assets,,,,,Biocon,,,,,,,,,,,1466,,,,,,,,,,,,,,,,,,,,,,,,,,,,,,,,,,,,,,,,,,
Total Assets,,,,,Biocon,57506,63319,84581,93942,99897,121924,144438,185223,203940,520428,560707,587973,636506,,,,,,,,,,,,,,,,,,,,,,,,,,,,,,,,,,,,,,,,
Current Liabilities,,,,,Biocon,,,,,,,,,,,,,,,,,,,,,,,,,,,,,,,,,,,,,,,,,,,,,,,,,,,,,
Trade Payables,,,,,Biocon,3472,4126,6098,7397,,,,,,,,,,,,,,,,,,,,,,,,,,,,,,,,,,,,,,,,,,,,,,,,,
Total Outstanding Dues of Creditors Other Than Micro Enterprises and Small Enterprises,,,,,Biocon,,,,,9839,11687,12870,14369,15049,36929,61762,64172,66370,,,,,,,,,,,,,,,,,,,,,,,,,,,,,,,,,,,,,,,,
Total Outstanding Dues of Micro and Small Enterprises,,,,,Biocon,,,,,214,296,381,770,1036,1491,958,1315,1351,,,,,,,,,,,,,,,,,,,,,,,,,,,,,,,,,,,,,,,,
Iborrowings,,,,,Biocon,,,,,,,,,,,27972,53501,40784,,,,,,,,,,,,,,,,,,,,,,,,,,,,,,,,,,,,,,,,
Borrowings,,,,,Biocon,2435,2610,3949,972,1303,2612,6676,13970,9055,24802,,,,,,,,,,,,,,,,,,,,,,,,,,,,,,,,,,,,,,,,,,,
Lease Liabilities,,,,,Biocon,,,,,,9,68,84,211,390,547,674,724,,,,,,,,,,,,,,,,,,,,,,,,,,,,,,,,,,,,,,,,
Derivative Liabilities,,,,,Biocon,,128,143,63,62,141,721,260,124,586,,455,2478,,,,,,,,,,,,,,,,,,,,,,,,,,,,,,,,,,,,,,,,
Tv Derivative liabilities,,,,,Biocon,,,,,,,,,,,12,,,,,,,,,,,,,,,,,,,,,,,,,,,,,,,,,,,,,,,,,,
"Current Tax Liabilities, Net",,,,,Biocon,,609,965,964,891,1238,1279,1524,1618,2250,2769,1731,4160,,,,,,,,,,,,,,,,,,,,,,,,,,,,,,,,,,,,,,,,
Other Current Liabilities,,,,,Biocon,6123,3687,3164,2834,3076,3691,4976,5810,6250,11094,7768,10248,12603,,,,,,,,,,,,,,,,,,,,,,,,,,,,,,,,,,,,,,,,
Provisions,,,,,Biocon,1766,398,374,468,465,805,1030,1094,1305,1486,1795,1916,2555,,,,,,,,,,,,,,,,,,,,,,,,,,,,,,,,,,,,,,,,
Other Financial Liabilities,,,,,Biocon,,4416,1964,4085,5563,9906,12079,3816,3632,6079,,,,,,,,,,,,,,,,,,,,,,,,,,,,,,,,,,,,,,,,,,,
Liabilities Directly Associated With Assets Classified as Held for Sale,,,,,Biocon,,,,,,,,404,,,,,,,,,,,,,,,,,,,,,,,,,,,,,,,,,,,,,,,,,,,,,
(V) Other Financial Liabilities,,,,,Biocon,,,,,,,,,,,50005,9326,9667,,,,,,,,,,,,,,,,,,,,,,,,,,,,,,,,,,,,,,,,
Total Current Liabilities,,,,,Biocon,13796,15974,16657,16783,21413,30385,40080,42101,38280,85107,153588,143338,140692,,,,,,,,,,,,,,,,,,,,,,,,,,,,,,,,,,,,,,,,
Noncurrent Liabilities,,,,,Biocon,,,,,,,,,,,,,,,,,,,,,,,,,,,,,,,,,,,,,,,,,,,,,,,,,,,,,
Long-term Borrowings,,,,,Biocon,6062,7671,20724,21082,17898,15256,12222,29616,39985,152905,,,,,,,,,,,,,,,,,,,,,,,,,,,,,,,,,,,,,,,,,,,
Iborrowings,,,,,Biocon,,,,,,,,,,,129324,124054,107463,,,,,,,,,,,,,,,,,,,,,,,,,,,,,,,,,,,,,,,,
Lease Liabilities,,,,,Biocon,,,,,,151,831,1141,2215,2091,,5391,5370,,,,,,,,,,,,,,,,,,,,,,,,,,,,,,,,,,,,,,,,
Ii Lease Liabilities,,,,,Biocon,,,,,,,,,,,4924,,,,,,,,,,,,,,,,,,,,,,,,,,,,,,,,,,,,,,,,,,
Derivative Liabilities,,,,,Biocon,,174,191,61,183,350,1461,618,136,258,,232,683,,,,,,,,,,,,,,,,,,,,,,,,,,,,,,,,,,,,,,,,
Deferred Tax Liability,,,,,Biocon,450,,,,,,298,323,523,3818,3915,3577,2417,,,,,,,,,,,,,,,,,,,,,,,,,,,,,,,,,,,,,,,,
Minority Interest,,,,,Biocon,823,1121,2658,3761,4677,6089,6773,8807,10375,46219,54911,60685,25897,,,,,,,,,,,,,,,,,,,,,,,,,,,,,,,,,,,,,,,,
Provisions,,,,,Biocon,78,150,299,360,493,661,858,1062,917,2265,2376,2608,3303,,,,,,,,,,,,,,,,,,,,,,,,,,,,,,,,,,,,,,,,
Other Non-current Liabilities,,,,,Biocon,6030,5601,3711,3516,3423,8052,9494,10253,12151,2901,3107,3366,4813,,,,,,,,,,,,,,,,,,,,,,,,,,,,,,,,,,,,,,,,
Other Financial Liabilities,,,,,Biocon,,6,3,2,2,,5363,15033,15033,46195,,28282,5550,,,,,,,,,,,,,,,,,,,,,,,,,,,,,,,,,,,,,,,,
Iv.other Financial Liabilities,,,,,Biocon,,,,,,,,,,,10725,,,,,,,,,,,,,,,,,,,,,,,,,,,,,,,,,,,,,,,,,,
Shareholders' Equity,,,,,Biocon,,,,,,,,,,,,,,,,,,,,,,,,,,,,,,,,,,,,,,,,,,,,,,,,,,,,,
Common Stock - Par Value,,,,,Biocon,1000,1000,1000,1000,3000,3000,6000,6000,6003,6003,6003,6003,8105,,,,,,,,,,,,,,,,,,,,,,,,,,,,,,,,,,,,,,,,
Reserves & Surplus,,,,,Biocon,29267,,,,,,,,,,,,,,,,,,,,,,,,,,,,,,,,,,,,,,,,,,,,,,,,,,,,
Other Equity,,,,,Biocon,,31622,39338,47377,48808,57980,61058,70269,78322,172666,191834,210437,332213,,,,,,,,,,,,,,,,,,,,,,,,,,,,,,,,,,,,,,,,
Total Shareholders Equity,,,,,Biocon,30267,32622,40338,48377,51808,60980,67058,76269,84325,178669,197837,216440,340318,,,,,,,,,,,,,,,,,,,,,,,,,,,,,,,,,,,,,,,,
Total Liabilities & Shareholders Equity,,,,,Biocon,57506,63319,84581,93942,99897,121924,144438,185223,203940,520428,560707,587973,636506,,,,,,,,,,,,,,,,,,,,,,,,,,,,,,,,,,,,,,,,
"Data shown on this page is extracted directly from the company’s documents. S&P Global Market Intelligence makes every effort to line up fields, captions and headers that represent the same data over time, despite variations in how the company may report these items in different documents. In certain instances the variation in the company’s presentation over time may be too significant, potentially resulting in repeating and/or disordered items. Despite possible issues with the presentation, S&P Global Market Intelligence, as always, stands by its commitment to the quality of the data.",,,,,Biocon,,,,,,,,,,,,,,,,,,,,,,,,,,,,,,,,,,,,,,,,,,,,,,,,,,,,,
Biocon Limited | Cash Flow (As Reported),,,,,Biocon,,,,,,,,,,,,,,,,,,,,,,,,,,,,,,,,,,,,,,,,,,,,,,,,,,,,,
Period Ended,,,,,Biocon,2014-03-31 00:00:00,2015-03-31 00:00:00,2016-03-31 00:00:00,2017-03-31 00:00:00,2018-03-31 00:00:00,2019-03-31 00:00:00,2020-03-31 00:00:00,2021-03-31 00:00:00,2022-03-31 00:00:00,2023-03-31 00:00:00,2024-03-31 00:00:00,2025-03-31 00:00:00,2026-03-31 00:00:00,,,,,,,,,,,,,,,,,,,,,,,,,,,,,,,,,,,,,,,,
Operating Activities,,,,,Biocon,,,,,,,,,,,,,,,,,,,,,,,,,,,,,,,,,,,,,,,,,,,,,,,,,,,,,
Net Profit before Tax,,,,,Biocon,5377,6241,,,,,,,,,,,,,,,,,,,,,,,,,,,,,,,,,,,,,,,,,,,,,,,,,,,
Profit for the Year,,,,,Biocon,,,6091,6881,4531,10026,8998,8462,7716,6430,12978,14294,3688,,,,,,,,,,,,,,,,,,,,,,,,,,,,,,,,,,,,,,,,
Depreciation and Amortization,,,,,Biocon,2036,2210,2487,2772,3851,4478,5522,7151,8142,11131,,16870,19567,,,,,,,,,,,,,,,,,,,,,,,,,,,,,,,,,,,,,,,,
Depreciation and Amortization Expenses,,,,,Biocon,,,,,,,,,,,15688,,,,,,,,,,,,,,,,,,,,,,,,,,,,,,,,,,,,,,,,,,
Gain/loss on Assets Sold-net,,,,,Biocon,,,,,60,,11,73,23,52,,76,158,,,,,,,,,,,,,,,,,,,,,,,,,,,,,,,,,,,,,,,,
"Loss on Sales of Property, Plant and Equipment, Net",,,,,Biocon,,,,,,,,,,,12,,,,,,,,,,,,,,,,,,,,,,,,,,,,,,,,,,,,,,,,,,
Gain on slump sale (net),,,,,Biocon,,,,,,,,,,,,-10573,,,,,,,,,,,,,,,,,,,,,,,,,,,,,,,,,,,,,,,,,
Net Gain on Sale of Investments,,,,,Biocon,-19,-14,-16,-39,-583,-220,-87,-84,-133,-416,,-383,-837,,,,,,,,,,,,,,,,,,,,,,,,,,,,,,,,,,,,,,,,
Net Gain/(loss) on Financial Assets and Liabilities Designated At Fair Value through Profit/loss,,,,,Biocon,,,,,,,,,,,,798,-795,,,,,,,,,,,,,,,,,,,,,,,,,,,,,,,,,,,,,,,,
Gain on Loss of Significant Influence,,,,,Biocon,,,,,,,,,,,-4254,,,,,,,,,,,,,,,,,,,,,,,,,,,,,,,,,,,,,,,,,,
Net Gain on Sale of Current Investments,,,,,Biocon,,,,,,,,,,,-686,,,,,,,,,,,,,,,,,,,,,,,,,,,,,,,,,,,,,,,,,,
Net Gain/loss on Financial Assets Measured At Fair Value through Profit/loss,,,,,Biocon,,,,-132,-16,27,2,-29,286,608,,,,,,,,,,,,,,,,,,,,,,,,,,,,,,,,,,,,,,,,,,,
Net Gain/loss on Financial (instruments) Measured At Fair Value through Profit/loss,,,,,Biocon,,,,,,,,,,,-1015,,,,,,,,,,,,,,,,,,,,,,,,,,,,,,,,,,,,,,,,,,
Gain on Dilution of Interest in a Associate/Subsidiary,,,,,Biocon,,,,,,,,-1597,-299,-2170,,,,,,,,,,,,,,,,,,,,,,,,,,,,,,,,,,,,,,,,,,,
Gain on Dilution of Interest in a Associate,,,,,Biocon,,,,,,,,,,,-1053,,,,,,,,,,,,,,,,,,,,,,,,,,,,,,,,,,,,,,,,,,
Share of Loss of Joint Ventures and Associates,,,,,Biocon,,,,,,,,,,,842,,,,,,,,,,,,,,,,,,,,,,,,,,,,,,,,,,,,,,,,,,
Share of Profit/loss of Joint Venture and Associates Net,,,,,Biocon,,,-217,-163,-213,-9,289,794,2069,1670,,,,,,,,,,,,,,,,,,,,,,,,,,,,,,,,,,,,,,,,,,,
Share-based Compensation Expense,,,,,Biocon,59,60,186,266,301,328,653,1060,1257,1376,1006,1370,1639,,,,,,,,,,,,,,,,,,,,,,,,,,,,,,,,,,,,,,,,
"Provisions for Doubtful Debts, Net",,,,,Biocon,,,,,,,,,,,,260,251,,,,,,,,,,,,,,,,,,,,,,,,,,,,,,,,,,,,,,,,
Bad Debt Written off,,,,,Biocon,8,,8,6,4,14,1,17,8,10,11,30,278,,,,,,,,,,,,,,,,,,,,,,,,,,,,,,,,,,,,,,,,
Provision of Doubtful Debts-net,,,,,Biocon,,,,,,,,,240,54,,,,,,,,,,,,,,,,,,,,,,,,,,,,,,,,,,,,,,,,,,,
Provision/(reversal of Provision) for Doubtful Debts,,,,,Biocon,22,61,-47,34,47,3,-3,,,,,,,,,,,,,,,,,,,,,,,,,,,,,,,,,,,,,,,,,,,,,,
"Provision/(reversal) of Doubtful Debts, Net",,,,,Biocon,,,,,,,,,,,-182,,,,,,,,,,,,,,,,,,,,,,,,,,,,,,,,,,,,,,,,,,
Unrealized Foreign Exchange Gain/loss,,,,,Biocon,-147,17,18,311,-57,127,-445,9,86,971,,,,,,,,,,,,,,,,,,,,,,,,,,,,,,,,,,,,,,,,,,,
Unrealized Foreign Exchange Gain,,,,,Biocon,,,,,,,,,,,-1054,,,,,,,,,,,,,,,,,,,,,,,,,,,,,,,,,,,,,,,,,,
"Unrealized Foreign Exchange Gain, Net",,,,,Biocon,,,,,,,,,,,,-576,-397,,,,,,,,,,,,,,,,,,,,,,,,,,,,,,,,,,,,,,,,
Tax Expense,,,,,Biocon,,,1422,1616,1569,2123,3151,2215,2115,2541,2274,4572,791,,,,,,,,,,,,,,,,,,,,,,,,,,,,,,,,,,,,,,,,
"Income Taxes Paid, Net of Refunds",,,,,Biocon,,,,,,,,-1938,-2620,-2286,-2923,-4596,-2426,,,,,,,,,,,,,,,,,,,,,,,,,,,,,,,,,,,,,,,,
Preferential allotment expenses,,,,,Biocon,,,,,,,,,,,,,1036,,,,,,,,,,,,,,,,,,,,,,,,,,,,,,,,,,,,,,,,
Profit/loss for the Year from Discontinuing Operations,,,,,Biocon,,,,,,,-289,,,,,,,,,,,,,,,,,,,,,,,,,,,,,,,,,,,,,,,,,,,,,,
Others-non-cash Items,,,,,Biocon,,,,,,,,,,,,81,112,,,,,,,,,,,,,,,,,,,,,,,,,,,,,,,,,,,,,,,,
Interest Expense,,,,,Biocon,17,89,226,260,615,709,649,577,676,4190,9744,8974,9903,,,,,,,,,,,,,,,,,,,,,,,,,,,,,,,,,,,,,,,,
Interest Incomes,,,,,Biocon,-113,-120,-428,-1115,-427,-908,-824,-770,-1121,-1124,-1613,-1087,-1005,,,,,,,,,,,,,,,,,,,,,,,,,,,,,,,,,,,,,,,,
Dividend Income,,,,,Biocon,-297,-226,-191,-156,-25,,,,,,,-28,,,,,,,,,,,,,,,,,,,,,,,,,,,,,,,,,,,,,,,,,
Other Non-operating Income,,,,,Biocon,-123,-153,,,,,,,,,,,,,,,,,,,,,,,,,,,,,,,,,,,,,,,,,,,,,,,,,,,
Proceeds from Insurance Company,,,,,Biocon,,,,,,,970,245,105,,,,,,,,,,,,,,,,,,,,,,,,,,,,,,,,,,,,,,,,,,,,
Exceptional Items (net),,,,,Biocon,,-1051,-1606,,,-1946,-675,-350,1111,498,6116,,,,,,,,,,,,,,,,,,,,,,,,,,,,,,,,,,,,,,,,,,
Interest on Income Tax Refunds,,,,,Biocon,,,,,,,,,,,,,-149,,,,,,,,,,,,,,,,,,,,,,,,,,,,,,,,,,,,,,,,
Other Operating Revenues,,,,,Biocon,-103,-133,,,,,,,,,,,,,,,,,,,,,,,,,,,,,,,,,,,,,,,,,,,,,,,,,,,
"Exceptional items (non Cash), (net)",,,,,Biocon,,,,,,,,,,,,1300,-552,,,,,,,,,,,,,,,,,,,,,,,,,,,,,,,,,,,,,,,,
Change in Trade Receivables,,,,,Biocon,-881,-1503,-654,-1883,-1534,-2243,1644,-2788,-4736,15905,-24174,5482,6244,,,,,,,,,,,,,,,,,,,,,,,,,,,,,,,,,,,,,,,,
Changes in Loans and Advances and Other Assets,,,,,Biocon,-577,-1073,,,,,,,,,,,,,,,,,,,,,,,,,,,,,,,,,,,,,,,,,,,,,,,,,,,
Changes in Inventories,,,,,Biocon,227,-737,-668,-929,-872,-3052,-3806,-4454,-4140,8862,,,,,,,,,,,,,,,,,,,,,,,,,,,,,,,,,,,,,,,,,,,
Increase in Inventories,,,,,Biocon,,,,,,,,,,,-8864,-3,-9178,,,,,,,,,,,,,,,,,,,,,,,,,,,,,,,,,,,,,,,,
"Changes in Trade Payables, Other Liabilities and Provisions",,,,,Biocon,1608,-227,1579,1667,1284,6083,4067,3102,1618,-37359,,5808,-1917,,,,,,,,,,,,,,,,,,,,,,,,,,,,,,,,,,,,,,,,
Increase in Trade Payables and Other Liabilities and Provisions,,,,,Biocon,,,,,,,,,,,29365,,,,,,,,,,,,,,,,,,,,,,,,,,,,,,,,,,,,,,,,,,
Tax Paid Net of Refund,,,,,Biocon,-1487,-1334,-2465,-2030,-1971,-2915,-3441,,,,,,,,,,,,,,,,,,,,,,,,,,,,,,,,,,,,,,,,,,,,,,
Other Assets,,,,,Biocon,,,-2019,-966,57,-1079,-3556,-98,-637,7582,,,,,,,,,,,,,,,,,,,,,,,,,,,,,,,,,,,,,,,,,,,
Increase in Other Assets,,,,,Biocon,,,,,,,,,,,-2679,-2057,-6471,,,,,,,,,,,,,,,,,,,,,,,,,,,,,,,,,,,,,,,,
Cash Flow from Operating Activities,,,,,Biocon,5607,2107,3706,6400,6621,11546,12831,11597,11766,18525,29539,40612,19940,,,,,,,,,,,,,,,,,,,,,,,,,,,,,,,,,,,,,,,,
Investing Activities,,,,,Biocon,,,,,,,,,,,,,,,,,,,,,,,,,,,,,,,,,,,,,,,,,,,,,,,,,,,,,
"Purchase of Property Plant, and Equipment",,,,,Biocon,-7885,-8381,-6180,-6084,-7382,-12221,-16042,-15169,-16978,-15960,-16805,-21366,-17979,,,,,,,,,,,,,,,,,,,,,,,,,,,,,,,,,,,,,,,,
"Proceeds From Sale of Property, Plant & Equipment",,,,,Biocon,28,,9,2,34,4,71,96,21,31,233,3,,,,,,,,,,,,,,,,,,,,,,,,,,,,,,,,,,,,,,,,,
Acquisition of Additional Shares in Subsidiary,,,,,Biocon,,-2154,,,,,,,,,,,,,,,,,,,,,,,,,,,,,,,,,,,,,,,,,,,,,,,,,,,
Consideration Paid for Business Acquisitions,,,,,Biocon,,,,,,,,,,-156645,-5532,,,,,,,,,,,,,,,,,,,,,,,,,,,,,,,,,,,,,,,,,,
Proceeds from Sale of Equity Interest in a Subsidiary,,,,,Biocon,,,,,,,,,,34474,,6832,,,,,,,,,,,,,,,,,,,,,,,,,,,,,,,,,,,,,,,,,
Consideration from Sale of Business,,,,,Biocon,,,,,,,,,,,,11420,,,,,,,,,,,,,,,,,,,,,,,,,,,,,,,,,,,,,,,,,
Proceeds from Sale of Shares in Subsidiary (net of Expenses),,,,,Biocon,,3677,,,,4029,,,,,,,,,,,,,,,,,,,,,,,,,,,,,,,,,,,,,,,,,,,,,,,
Cash Arising from Loss of Control,,,,,Biocon,,,,,,,,-1020,,,,,,,,,,,,,,,,,,,,,,,,,,,,,,,,,,,,,,,,,,,,,
Acquisition of Intangible Assets,,,,,Biocon,-100,,-1857,-1537,-1783,-2699,-2323,-2294,-2270,-1303,,-2067,-1138,,,,,,,,,,,,,,,,,,,,,,,,,,,,,,,,,,,,,,,,
(Purchases) of Intangible Assets,,,,,Biocon,,,,,,,,,,,-2511,,,,,,,,,,,,,,,,,,,,,,,,,,,,,,,,,,,,,,,,,,
Acquisition of Intangible Assets/product Development Costs,,,,,Biocon,,-788,,,,,,,,,,,,,,,,,,,,,,,,,,,,,,,,,,,,,,,,,,,,,,,,,,,
Purchase of Current Investments,,,,,Biocon,-18187,-25181,,,,,,,,,-37708,-82262,-221048,,,,,,,,,,,,,,,,,,,,,,,,,,,,,,,,,,,,,,,,
Proceeds from Sale of Current Investments,,,,,Biocon,16423,29429,,,,,57783,62763,46456,161515,39682,81098,220026,,,,,,,,,,,,,,,,,,,,,,,,,,,,,,,,,,,,,,,,
Purchase of Investments,,,,,Biocon,,,-39668,-38689,-12593,-39115,-57078,-68433,-43020,-163112,,,,,,,,,,,,,,,,,,,,,,,,,,,,,,,,,,,,,,,,,,,
Investment in Bank Deposits,,,,,Biocon,-2479,-3529,,,,,,,,,,,,,,,,,,,,,,,,,,,,,,,,,,,,,,,,,,,,,,,,,,,
Proceeds from Sale of Investment,,,,,Biocon,,,42964,33182,17046,42771,,,,,,,,,,,,,,,,,,,,,,,,,,,,,,,,,,,,,,,,,,,,,,,
Purchase of Non-current Investments,,,,,Biocon,,,,,,,,,,,,75,-112,,,,,,,,,,,,,,,,,,,,,,,,,,,,,,,,,,,,,,,,
Redemption/maturity of Bank Deposits,,,,,Biocon,2170,1360,,,,,,,,,,,,,,,,,,,,,,,,,,,,,,,,,,,,,,,,,,,,,,,,,,,
Investment in Bank Deposits and Inter Corporate Deposits,,,,,Biocon,,,-11190,-17337,-10223,-14052,-13692,-28559,-34916,-24031,-15632,-20155,-14198,,,,,,,,,,,,,,,,,,,,,,,,,,,,,,,,,,,,,,,,
Redemption/maturity of Bank Deposits and Inter Corporate Deposits,,,,,Biocon,,,3710,24083,7459,13351,14831,15717,33794,20980,26782,22909,12148,,,,,,,,,,,,,,,,,,,,,,,,,,,,,,,,,,,,,,,,
Investment in Unsecured Compulsorily Convertible Debentures,,,,,Biocon,,,,,,,-100,,,,,,,,,,,,,,,,,,,,,,,,,,,,,,,,,,,,,,,,,,,,,,
Other Non-operating Income,,,,,Biocon,123,153,,,,,,,,,,,,,,,,,,,,,,,,,,,,,,,,,,,,,,,,,,,,,,,,,,,
Movement in Reserves of ESOP Trust,,,,,Biocon,118,,,,,,,,,,,,,,,,,,,,,,,,,,,,,,,,,,,,,,,,,,,,,,,,,,,,
Loans Given to Associates,,,,,Biocon,,,,,,,,,-674,,,,,,,,,,,,,,,,,,,,,,,,,,,,,,,,,,,,,,,,,,,,
Dividends Received,,,,,Biocon,297,226,533,156,25,,,,,,,28,,,,,,,,,,,,,,,,,,,,,,,,,,,,,,,,,,,,,,,,,
Interest Received,,,,,Biocon,111,101,262,1239,577,794,961,652,596,1233,1446,1144,1480,,,,,,,,,,,,,,,,,,,,,,,,,,,,,,,,,,,,,,,,
Cash Flow from Investing Activities,,,,,Biocon,-9381,-5087,-11417,-4985,-6840,-7138,-15589,-36247,-16991,-142818,-10045,-2341,-20821,,,,,,,,,,,,,,,,,,,,,,,,,,,,,,,,,,,,,,,,
Financing Activities,,,,,Biocon,,,,,,,,,,,,,,,,,,,,,,,,,,,,,,,,,,,,,,,,,,,,,,,,,,,,,
Repayment of long-term borrowings,,,,,Biocon,-186,-145,-541,-264,-967,-3621,-6196,,,,,,,,,,,,,,,,,,,,,,,,,,,,,,,,,,,,,,,,,,,,,,
Proceeds from Long-terms Borrowings,,,,,Biocon,4579,3247,12620,2002,,2608,2667,,,,,,,,,,,,,,,,,,,,,,,,,,,,,,,,,,,,,,,,,,,,,,
Proceeds from Issuance of 10% Debentures,,,,,Biocon,,,,,,,,,,,8000,,,,,,,,,,,,,,,,,,,,,,,,,,,,,,,,,,,,,,,,,,
Repayments of Non-current Borrowings,,,,,Biocon,,,,,,,,-7336,-10949,-281,-27678,-97699,-27079,,,,,,,,,,,,,,,,,,,,,,,,,,,,,,,,,,,,,,,,
Proceeds from Non-current Borrowings,,,,,Biocon,,,,,,,,13553,10701,109399,5718,96582,2664,,,,,,,,,,,,,,,,,,,,,,,,,,,,,,,,,,,,,,,,
Proceeds from Issuance of Non Convertible Debentures By Subsidiary,,,,,Biocon,,,,,,,,2000,,,,,,,,,,,,,,,,,,,,,,,,,,,,,,,,,,,,,,,,,,,,,
Proceeds from Issuance of Optionally Convertible Debentures By Subsidiary,,,,,Biocon,,,,,,,,11016,,,,,,,,,,,,,,,,,,,,,,,,,,,,,,,,,,,,,,,,,,,,,
Purchase of debentures of subsidiary,,,,,Biocon,,,,,,,,,,,,,-21715,,,,,,,,,,,,,,,,,,,,,,,,,,,,,,,,,,,,,,,,
"Proceeds/(Repayments) of Short-term Borrowings, Net",,,,,Biocon,1634,171,1350,-2970,-174,1088,3715,,,,,,,,,,,,,,,,,,,,,,,,,,,,,,,,,,,,,,,,,,,,,,
Proceeds/(repayments) of Current Borrowings (net),,,,,Biocon,,,,,,,,-345,,,,,,,,,,,,,,,,,,,,,,,,,,,,,,,,,,,,,,,,,,,,,
Proceeds from Current Borrowings (net of Repayments),,,,,Biocon,,,,,,,,,3461,15041,1248,6846,349,,,,,,,,,,,,,,,,,,,,,,,,,,,,,,,,,,,,,,,,
Repayment of Lease Liabilities-net,,,,,Biocon,,,,,,,-60,-65,-121,-114,-418,-1388,-909,,,,,,,,,,,,,,,,,,,,,,,,,,,,,,,,,,,,,,,,
"Proceeds from Issuance of Share Capital, Net",,,,,Biocon,,,,,,,,,,,,,85311,,,,,,,,,,,,,,,,,,,,,,,,,,,,,,,,,,,,,,,,
Proceeds from Exercise of Share Options,,,,,Biocon,,,99,193,270,317,318,407,428,295,307,99,704,,,,,,,,,,,,,,,,,,,,,,,,,,,,,,,,,,,,,,,,
Purchase of Treasury Shares,,,,,Biocon,,,-150,-150,-102,-1009,-293,-93,-3,-647,,,-26,,,,,,,,,,,,,,,,,,,,,,,,,,,,,,,,,,,,,,,,
Dividend Paid on Equity Shares of Company,,,,,Biocon,-1500,-1000,,,,,,,,,,,,,,,,,,,,,,,,,,,,,,,,,,,,,,,,,,,,,,,,,,,
Dividend Paid on Equity Shares (Including to NCI),,,,,Biocon,,,,,,,,,,-718,-2030,-829,-908,,,,,,,,,,,,,,,,,,,,,,,,,,,,,,,,,,,,,,,,
Dividend Paid on Equity Shares Including Tax Thereon,,,,,Biocon,,,-2201,,-787,-793,-701,,,,,,,,,,,,,,,,,,,,,,,,,,,,,,,,,,,,,,,,,,,,,,
Proceeds from Issuance of Shares By Subsidiary,,,,,Biocon,,,,,,,,,,,,5,,,,,,,,,,,,,,,,,,,,,,,,,,,,,,,,,,,,,,,,,
Proceeds from Allotment of Shares By Subsidiary to Third Party,,,,,Biocon,,,,,,,5363,7663,,12368,,,,,,,,,,,,,,,,,,,,,,,,,,,,,,,,,,,,,,,,,,,
Payment for Bonus Issue Expenses,,,,,Biocon,,,,,,,-25,,,,,,,,,,,,,,,,,,,,,,,,,,,,,,,,,,,,,,,,,,,,,,
Tax on Interim Equity Dividend,,,,,Biocon,,-30,,,,,,,,,,,,,,,,,,,,,,,,,,,,,,,,,,,,,,,,,,,,,,,,,,,
Tax on Equity Dividend Paid,,,,,Biocon,-255,-170,,,,,,,,,,,,,,,,,,,,,,,,,,,,,,,,,,,,,,,,,,,,,,,,,,,
Dividend Paid on Equity Shares By Subsidiary,,,,,Biocon,,-53,,,,,,,,,,,,,,,,,,,,,,,,,,,,,,,,,,,,,,,,,,,,,,,,,,,
Recovery of Loan from Syngene Employee Welfare Trust,,,,,Biocon,,40,,,,,,,,,,,,,,,,,,,,,,,,,,,,,,,,,,,,,,,,,,,,,,,,,,,
Tax on Equity Dividend Paid - By Subsidiary,,,,,Biocon,,-193,,,,,,,,,,,,,,,,,,,,,,,,,,,,,,,,,,,,,,,,,,,,,,,,,,,
Purchase of Equity Shares of Subsidiary,,,,,Biocon,,,,,,,,,,,,,-36287,,,,,,,,,,,,,,,,,,,,,,,,,,,,,,,,,,,,,,,,
Payment of deferred Consideration towards acquisition of business,,,,,Biocon,,,,,,,,,,,,-16881,,,,,,,,,,,,,,,,,,,,,,,,,,,,,,,,,,,,,,,,,
Preferential allotment expenses,,,,,Biocon,,,,,,,,,,,,,-1036,,,,,,,,,,,,,,,,,,,,,,,,,,,,,,,,,,,,,,,,
Proceeds from/(repayment) of Non-recourse factoring arrangement,,,,,Biocon,,,,,,,,,,,,1067,-1650,,,,,,,,,,,,,,,,,,,,,,,,,,,,,,,,,,,,,,,,
Interest Paid,,,,,Biocon,-12,-5,-501,-586,-637,-1007,-912,-1160,-1096,-4856,-8474,-6342,-8654,,,,,,,,,,,,,,,,,,,,,,,,,,,,,,,,,,,,,,,,
Cash Flow from Financing Activities,,,,,Biocon,4260,1862,10676,-1775,-2397,-2417,3876,25640,2421,130487,-23327,-18540,-9236,,,,,,,,,,,,,,,,,,,,,,,,,,,,,,,,,,,,,,,,
Other Adjustments,,,,,Biocon,,,,,,,,,,,,,,,,,,,,,,,,,,,,,,,,,,,,,,,,,,,,,,,,,,,,,
Cash Flow Net Changes in Cash,,,,,Biocon,830,-944,3000,-473,-2612,2103,1654,723,-2433,6411,-3804,20043,-8123,,,,,,,,,,,,,,,,,,,,,,,,,,,,,,,,,,,,,,,,
Foreign Currency Translation Reserve,,,,,Biocon,297,42,,,,,,,,,,,,,,,,,,,,,,,,,,,,,,,,,,,,,,,,,,,,,,,,,,,
Effect of Exchange Differences on Cash and Cash Equivalents Held in Foreign Currency,,,,,Biocon,47,23,35,-113,4,112,536,71,33,217,,,,,,,,,,,,,,,,,,,,,,,,,,,,,,,,,,,,,,,,,,,
V Effect of exchange differences on Cash and Cash equivalents held in Foreign Currency,,,,,Biocon,,,,,,,,,,,29,312,1994,,,,,,,,,,,,,,,,,,,,,,,,,,,,,,,,,,,,,,,,
Cash and Cash Equivalents Classified as Held for Sale,,,,,Biocon,,,,,,,,,338,,,,,,,,,,,,,,,,,,,,,,,,,,,,,,,,,,,,,,,,,,,,
Misc. Cash Flow Adjustments - Rep. Outside the Statement,,,,,Biocon,,109,,,,,,-338,,,,,,,,,,,,,,,,,,,,,,,,,,,,,,,,,,,,,,,,,,,,,
Period Type: YTD,,,,,Biocon,,,,,,,,,,,,,,,,,,,,,,,,,,,,,,,,,,,,,,,,,,,,,,,,,,,,,
S&P Capital IQ - Standard,,,,,Biocon,2019 FQ2 YTD,2020 FQ2 YTD,2021 FQ2 YTD,2022 FQ2 YTD,2023 FQ2 YTD,2024 FQ2 YTD,2025 FQ2 YTD,2026 FQ2 YTD,,,,,,,,,,,,,,,,,,,,,,,,,,,,,,,,,,,,,,,,,,,,,
Period Ended,,,,,Biocon,2018-09-30 00:00:00,2019-09-30 00:00:00,2020-09-30 00:00:00,2021-09-30 00:00:00,2022-09-30 00:00:00,2023-09-30 00:00:00,2024-09-30 00:00:00,2025-09-30 00:00:00,,,,,,,,,,,,,,,,,,,,,,,,,,,,,,,,,,,,,,,,,,,,,
Currency,,,,,Biocon,INR,INR,INR,INR,INR,INR,INR,INR,,,,,,,,,,,,,,,,,,,,,,,,,,,,,,,,,,,,,,,,,,,,,
Units,,,,,Biocon,Millions,Millions,Millions,Millions,Millions,Millions,Millions,Millions,,,,,,,,,,,,,,,,,,,,,,,,,,,,,,,,,,,,,,,,,,,,,
Profit for the Period/year from Continuing Operations,,,,,Biocon,5160,4988,3632,2681,2492,3216,,,,,,,,,,,,,,,,,,,,,,,,,,,,,,,,,,,,,,,,,,,,,,,
Profit for the period Adjustments to reconcile Profit for the period to net Cash flows,,,,,Biocon,,,,,,,8889,2220,,,,,,,,,,,,,,,,,,,,,,,,,,,,,,,,,,,,,,,,,,,,,
Depreciation and Amortization Expenses,,,,,Biocon,2113,2558,3445,3963,4483,7473,8253,9280,,,,,,,,,,,,,,,,,,,,,,,,,,,,,,,,,,,,,,,,,,,,,
"Profit/loss on Sale of Fixed Assets, Net",,,,,Biocon,,7,5,18,40,-2,16,66,,,,,,,,,,,,,,,,,,,,,,,,,,,,,,,,,,,,,,,,,,,,,
Gain on slump sale (net),,,,,Biocon,,,,,,,-10573,,,,,,,,,,,,,,,,,,,,,,,,,,,,,,,,,,,,,,,,,,,,,,
Gain on Dilution of Interest in Associate,,,,,Biocon,,,,,,-746,,,,,,,,,,,,,,,,,,,,,,,,,,,,,,,,,,,,,,,,,,,,,,,
Net Gain on Sale of Current Investments,,,,,Biocon,-145,-38,-21,-69,-78,-115,-238,-439,,,,,,,,,,,,,,,,,,,,,,,,,,,,,,,,,,,,,,,,,,,,,
Net Gain/loss on Financial Assets Measured At Fair Value through Profit/loss,,,,,Biocon,23,-3,-3,-554,-21,-678,,,,,,,,,,,,,,,,,,,,,,,,,,,,,,,,,,,,,,,,,,,,,,,
Net Gain/loss on Financial (instruments) Measured At Fair Value through Profit/loss,,,,,Biocon,,,,,,,201,-666,,,,,,,,,,,,,,,,,,,,,,,,,,,,,,,,,,,,,,,,,,,,,
Gain an dilution of interest in associate,,,,,Biocon,,,,,-807,,,,,,,,,,,,,,,,,,,,,,,,,,,,,,,,,,,,,,,,,,,,,,,,
Share of Loss of Joint Ventures and Associates,,,,,Biocon,,,86,1067,713,574,,,,,,,,,,,,,,,,,,,,,,,,,,,,,,,,,,,,,,,,,,,,,,,
Share of Profit/loss of Joint Ventures,,,,,Biocon,-4,173,,,,,,,,,,,,,,,,,,,,,,,,,,,,,,,,,,,,,,,,,,,,,,,,,,,
Share-based Compensation Expense,,,,,Biocon,150,289,496,633,709,402,782,891,,,,,,,,,,,,,,,,,,,,,,,,,,,,,,,,,,,,,,,,,,,,,
Provisions for Bad and Doubtful Debts,,,,,Biocon,,,,,295,,,,,,,,,,,,,,,,,,,,,,,,,,,,,,,,,,,,,,,,,,,,,,,,
Bad Debt Written off,,,,,Biocon,,,16,5,8,6,,278,,,,,,,,,,,,,,,,,,,,,,,,,,,,,,,,,,,,,,,,,,,,,
Provision for Bad and Doubtful Debts (net of Recoveries),,,,,Biocon,-10,-16,-14,,,-216,-88,22,,,,,,,,,,,,,,,,,,,,,,,,,,,,,,,,,,,,,,,,,,,,,
Unrealized Foreign Exchange Gain/loss,,,,,Biocon,-148,-84,274,119,1104,-158,,,,,,,,,,,,,,,,,,,,,,,,,,,,,,,,,,,,,,,,,,,,,,,
Unrealized Foreign Exchange Gain/loss-net,,,,,Biocon,,,,,,,813,-2081,,,,,,,,,,,,,,,,,,,,,,,,,,,,,,,,,,,,,,,,,,,,,
Tax Expense,,,,,Biocon,1253,1853,1032,1036,,769,3550,462,,,,,,,,,,,,,,,,,,,,,,,,,,,,,,,,,,,,,,,,,,,,,
"Income Taxes Paid, Net of Refunds",,,,,Biocon,,,-836,-1037,-995,-1096,-3533,-975,,,,,,,,,,,,,,,,,,,,,,,,,,,,,,,,,,,,,,,,,,,,,
Direct Taxes Paid (net of Refunds),,,,,Biocon,-1065,-1171,,,,,,,,,,,,,,,,,,,,,,,,,,,,,,,,,,,,,,,,,,,,,,,,,,,
T•• expense,,,,,Biocon,,,,,1768,,,,,,,,,,,,,,,,,,,,,,,,,,,,,,,,,,,,,,,,,,,,,,,,
Profit/loss for the Period/year from Discontinuing Operations,,,,,Biocon,,-173,,,,,,,,,,,,,,,,,,,,,,,,,,,,,,,,,,,,,,,,,,,,,,,,,,,
Others-non-cash Items,,,,,Biocon,,,,,,,,351,,,,,,,,,,,,,,,,,,,,,,,,,,,,,,,,,,,,,,,,,,,,,
Interest Expense,,,,,Biocon,340,304,190,424,499,4807,4616,5489,,,,,,,,,,,,,,,,,,,,,,,,,,,,,,,,,,,,,,,,,,,,,
Interest Incomes,,,,,Biocon,-470,-420,-316,-535,-536,-866,-454,-519,,,,,,,,,,,,,,,,,,,,,,,,,,,,,,,,,,,,,,,,,,,,,
Dividend Income,,,,,Biocon,,,,,,,-28,,,,,,,,,,,,,,,,,,,,,,,,,,,,,,,,,,,,,,,,,,,,,,
Proceeds from Insurance Company,,,,,Biocon,,970,,,,,,,,,,,,,,,,,,,,,,,,,,,,,,,,,,,,,,,,,,,,,,,,,,,
Exceptional Items (net),,,,,Biocon,-1888,-675,,701,170,,-260,,,,,,,,,,,,,,,,,,,,,,,,,,,,,,,,,,,,,,,,,,,,,,
Trade Receivables,,,,,Biocon,,,,,,,864,3411,,,,,,,,,,,,,,,,,,,,,,,,,,,,,,,,,,,,,,,,,,,,,
Change in Trade Receivables,,,,,Biocon,809,1918,-1385,584,,-4224,,,,,,,,,,,,,,,,,,,,,,,,,,,,,,,,,,,,,,,,,,,,,,,
Decrease/Changes/fincrease) in trade receivables,,,,,Biocon,,,,,-24,,,,,,,,,,,,,,,,,,,,,,,,,,,,,,,,,,,,,,,,,,,,,,,,
Inventories,,,,,Biocon,-1438,-3046,-2165,-3994,-3973,-6695,-375,-7503,,,,,,,,,,,,,,,,,,,,,,,,,,,,,,,,,,,,,,,,,,,,,
"Changes in Trade Payables, Other Liabilities and Provisions",,,,,Biocon,,27,,-3425,,,,,,,,,,,,,,,,,,,,,,,,,,,,,,,,,,,,,,,,,,,,,,,,,
"Trade Payables, Other Liabilities and Provisions",,,,,Biocon,1727,,-445,,-400,-2750,-3666,-3238,,,,,,,,,,,,,,,,,,,,,,,,,,,,,,,,,,,,,,,,,,,,,
Changes in Other Assets,,,,,Biocon,-4997,-3024,-1901,1639,-2414,-3476,-1715,985,,,,,,,,,,,,,,,,,,,,,,,,,,,,,,,,,,,,,,,,,,,,,
Cash Flow from Operating Activities,,,,,Biocon,1410,4437,2090,3256,3033,-3775,7054,8034,,,,,,,,,,,,,,,,,,,,,,,,,,,,,,,,,,,,,,,,,,,,,
"Purchase of Property Plant, and Equipment",,,,,Biocon,-4819,-7864,-6519,-7868,-7904,-8369,-7936,-8609,,,,,,,,,,,,,,,,,,,,,,,,,,,,,,,,,,,,,,,,,,,,,
"Proceeds From Sale of Property, Plant & Equipment",,,,,Biocon,2,,1,,33,16,,,,,,,,,,,,,,,,,,,,,,,,,,,,,,,,,,,,,,,,,,,,,,,
Proceeds from Sale of Shares in Subsidiary (net of Expenses),,,,,Biocon,4023,,,,,,,,,,,,,,,,,,,,,,,,,,,,,,,,,,,,,,,,,,,,,,,,,,,,
Consideration of sale of business,,,,,Biocon,,,,,,,11420,,,,,,,,,,,,,,,,,,,,,,,,,,,,,,,,,,,,,,,,,,,,,,
Acquisition of Intangible Assets,,,,,Biocon,-927,-951,-991,-1308,-403,-633,-1073,-586,,,,,,,,,,,,,,,,,,,,,,,,,,,,,,,,,,,,,,,,,,,,,
Purchase of Current Investments,,,,,Biocon,,,,,,-39594,-47266,-112317,,,,,,,,,,,,,,,,,,,,,,,,,,,,,,,,,,,,,,,,,,,,,
Proceeds from Sale of Current Investments,,,,,Biocon,,19451,27377,24688,23575,34513,45024,102632,,,,,,,,,,,,,,,,,,,,,,,,,,,,,,,,,,,,,,,,,,,,,
Purchase of Investments,,,,,Biocon,-21644,-18541,-28716,-22645,-37279,,,,,,,,,,,,,,,,,,,,,,,,,,,,,,,,,,,,,,,,,,,,,,,,
Proceeds from Sale of Investment,,,,,Biocon,24559,,,,,,,,,,,,,,,,,,,,,,,,,,,,,,,,,,,,,,,,,,,,,,,,,,,,
Purchase of Non-current Investments,,,,,Biocon,,,,,,,-20,,,,,,,,,,,,,,,,,,,,,,,,,,,,,,,,,,,,,,,,,,,,,,
Investment in Bank Deposits and Inter Corporate Deposits,,,,,Biocon,-6929,-5970,-6335,-12570,-5641,-6014,-2951,-1064,,,,,,,,,,,,,,,,,,,,,,,,,,,,,,,,,,,,,,,,,,,,,
Redemption/maturity of Bank Deposits and Inter Corporate Deposits,,,,,Biocon,4957,6526,5566,12865,10385,9694,11686,6988,,,,,,,,,,,,,,,,,,,,,,,,,,,,,,,,,,,,,,,,,,,,,
Loans Given to Associates,,,,,Biocon,,,,-333,,,,,,,,,,,,,,,,,,,,,,,,,,,,,,,,,,,,,,,,,,,,,,,,,
Dividends Received,,,,,Biocon,,,,,,,28,,,,,,,,,,,,,,,,,,,,,,,,,,,,,,,,,,,,,,,,,,,,,,
Interest Received,,,,,Biocon,383,482,126,219,498,438,750,197,,,,,,,,,,,,,,,,,,,,,,,,,,,,,,,,,,,,,,,,,,,,,
Cash Flow from Investing Activities,,,,,Biocon,-395,-6867,-9491,-6952,-16736,-9949,9662,-12759,,,,,,,,,,,,,,,,,,,,,,,,,,,,,,,,,,,,,,,,,,,,,
Repayment of long-term borrowings,,,,,Biocon,-881,-1896,-1750,-1829,,-404,,,,,,,,,,,,,,,,,,,,,,,,,,,,,,,,,,,,,,,,,,,,,,,
Proceeds from Long-terms Borrowings,,,,,Biocon,412,2666,7404,1769,2147,5001,,,,,,,,,,,,,,,,,,,,,,,,,,,,,,,,,,,,,,,,,,,,,,,
Proceeds from Issuance of 10% Debentures,,,,,Biocon,,,,,,3000,,,,,,,,,,,,,,,,,,,,,,,,,,,,,,,,,,,,,,,,,,,,,,,
Repayments of Non-current Borrowings,,,,,Biocon,,,,,,,-4323,-5512,,,,,,,,,,,,,,,,,,,,,,,,,,,,,,,,,,,,,,,,,,,,,
Proceeds from Non-current Borrowings,,,,,Biocon,,,,,,,3955,1720,,,,,,,,,,,,,,,,,,,,,,,,,,,,,,,,,,,,,,,,,,,,,
Proceeds from Issuance of Non Convertible Debentures By Subsidiary,,,,,Biocon,,,2000,,,,,,,,,,,,,,,,,,,,,,,,,,,,,,,,,,,,,,,,,,,,,,,,,,
Purchase of Optionally Convertible Debentures,,,,,Biocon,,,,,,,,-16980,,,,,,,,,,,,,,,,,,,,,,,,,,,,,,,,,,,,,,,,,,,,,
"Proceeds/(Repayments) of Short-term Borrowings, Net",,,,,Biocon,984,2016,-516,856,,,,,,,,,,,,,,,,,,,,,,,,,,,,,,,,,,,,,,,,,,,,,,,,,
Proceeds from Short-term Borrowing (Net),,,,,Biocon,,,,,2071,3038,,,,,,,,,,,,,,,,,,,,,,,,,,,,,,,,,,,,,,,,,,,,,,,
Proceeds from/(repayment of) Current borrowings (net of repayments),,,,,Biocon,,,,,,,160,-4857,,,,,,,,,,,,,,,,,,,,,,,,,,,,,,,,,,,,,,,,,,,,,
Repayment of Lease Liabilities-net,,,,,Biocon,,-30,-37,-72,-53,-116,-530,-785,,,,,,,,,,,,,,,,,,,,,,,,,,,,,,,,,,,,,,,,,,,,,
Proceeds from Issuance of Share Capital,,,,,Biocon,,,,,,,,45000,,,,,,,,,,,,,,,,,,,,,,,,,,,,,,,,,,,,,,,,,,,,,
Proceeds from Exercise of Share Options,,,,,Biocon,201,209,250,286,171,252,68,53,,,,,,,,,,,,,,,,,,,,,,,,,,,,,,,,,,,,,,,,,,,,,
Purchase of Treasury Shares,,,,,Biocon,-200,-295,,,-647,,,-26,,,,,,,,,,,,,,,,,,,,,,,,,,,,,,,,,,,,,,,,,,,,,
Dividend Paid on Equity Shares Including Tax Thereon,,,,,Biocon,-793,-702,,,,,,,,,,,,,,,,,,,,,,,,,,,,,,,,,,,,,,,,,,,,,,,,,,,
Dividend Paid on Equity Shares (Including to NCI),,,,,Biocon,,,,,-719,-2030,-829,-908,,,,,,,,,,,,,,,,,,,,,,,,,,,,,,,,,,,,,,,,,,,,,
Proceeds from Sale of Equity Interest in a Subsidiary,,,,,Biocon,,,,,12150,,,,,,,,,,,,,,,,,,,,,,,,,,,,,,,,,,,,,,,,,,,,,,,,
"Proceeds from Issuance of Shares By Subsidiary, Net of Expense",,,,,Biocon,,,2250,,,,,,,,,,,,,,,,,,,,,,,,,,,,,,,,,,,,,,,,,,,,,,,,,,
Payment for Bonus Issue Expenses,,,,,Biocon,,-12,,,,,,,,,,,,,,,,,,,,,,,,,,,,,,,,,,,,,,,,,,,,,,,,,,,
Payment Towards Share Issue Expenses,,,,,Biocon,,,,,,,,-610,,,,,,,,,,,,,,,,,,,,,,,,,,,,,,,,,,,,,,,,,,,,,
Proceeds from non-recourse factoring arrangement,,,,,Biocon,,,,,,,1196,1650,,,,,,,,,,,,,,,,,,,,,,,,,,,,,,,,,,,,,,,,,,,,,
Payment of deferred Consideration related to acquisition of biosimiliars business from Viatris,,,,,Biocon,,,,,,,-8354,,,,,,,,,,,,,,,,,,,,,,,,,,,,,,,,,,,,,,,,,,,,,,
Interest Paid,,,,,Biocon,-521,-334,-418,-605,-809,-3866,-4129,-4714,,,,,,,,,,,,,,,,,,,,,,,,,,,,,,,,,,,,,,,,,,,,,
Cash Flow from Financing Activities,,,,,Biocon,-798,1622,9183,405,14311,4875,-12786,14031,,,,,,,,,,,,,,,,,,,,,,,,,,,,,,,,,,,,,,,,,,,,,
CIQ Balancing Calc. - Net Change in Cash,,,,,Biocon,,,,,1,,,,,,,,,,,,,,,,,,,,,,,,,,,,,,,,,,,,,,,,,,,,,,,,
Cash Flow Net Changes in Cash,,,,,Biocon,421,-729,1420,-2932,834,-8948,4031,10472,,,,,,,,,,,,,,,,,,,,,,,,,,,,,,,,,,,,,,,,,,,,,
Currency,,,,,Biocon,204,,,,,,,,,,,,,,,,,,,,,,,,,,,,,,,,,,,,,,,,,,,,,,,,,,,,
Effect of Exchange Differences on Cash and Cash Equivalents Held in Foreign Currency,,,,,Biocon,,79,-141,21,225,-99,101,1166,,,,,,,,,,,,,,,,,,,,,,,,,,,,,,,,,,,,,,,,,,,,,
Cash and Cash Equivalents Classified as Held for Sale,,,,,Biocon,,,-221,338,,,,,,,,,,,,,,,,,,,,,,,,,,,,,,,,,,,,,,,,,,,,,,,,,
Period Type: Quarters,,,,,Biocon,,,,,,,,,,,,,,,,,,,,,,,,,,,,,,,,,,,,,,,,,,,,,,,,,,,,,
S&P Capital IQ - Standard,,,,,Biocon,2014 FQ1,2014 FQ2,2014 FQ3,2014 FQ4,2015 FQ1,2015 FQ2,2015 FQ3,2015 FQ4,2016 FQ1,2016 FQ2,2016 FQ3,2016 FQ4,2017 FQ2,2017 FQ3,2017 FQ4,2018 FQ1,2018 FQ2,2018 FQ3,2018 FQ4,2019 FQ2,2019 FQ4,2020 FQ2,2020 FQ4,2021 FQ2,2021 FQ4,2022 FQ2,2022 FQ4,2023 FQ2,2023 FQ4,2024 FQ2,2024 FQ4,2025 FQ2,2025 FQ4,2026 FQ2,2026 FQ4,,,,,,,,,,,,,,,,,,
Period Ended,,,,,Biocon,2013-06-30 00:00:00,2013-09-30 00:00:00,2013-12-31 00:00:00,2014-03-31 00:00:00,2014-06-30 00:00:00,2014-09-30 00:00:00,2014-12-31 00:00:00,2015-04-01 00:00:00,2015-06-30 00:00:00,2015-09-30 00:00:00,2015-12-31 00:00:00,2016-03-31 00:00:00,2016-09-30 00:00:00,2016-12-31 00:00:00,2017-03-31 00:00:00,2017-06-30 00:00:00,2017-09-30 00:00:00,2017-12-31 00:00:00,2018-03-31 00:00:00,2018-09-30 00:00:00,2019-03-31 00:00:00,2019-09-30 00:00:00,2020-03-31 00:00:00,2020-09-30 00:00:00,2021-03-31 00:00:00,2021-09-30 00:00:00,2022-03-31 00:00:00,2022-09-30 00:00:00,2023-03-31 00:00:00,2023-09-30 00:00:00,2024-03-31 00:00:00,2024-09-30 00:00:00,2025-03-31 00:00:00,2025-09-30 00:00:00,2026-03-31 00:00:00,,,,,,,,,,,,,,,,,,
Currency,,,,,Biocon,INR,INR,INR,INR,INR,INR,INR,INR,INR,INR,INR,INR,INR,INR,INR,INR,INR,INR,INR,INR,INR,INR,INR,INR,INR,INR,INR,INR,INR,INR,INR,INR,INR,INR,INR,,,,,,,,,,,,,,,,,,
Units,,,,,Biocon,Thousands,Thousands,Thousands,Millions,Thousands,Thousands,Thousands,Millions,Thousands,Thousands,Thousands,Millions,Millions,Thousands,Millions,Millions,Millions,Millions,Millions,Millions,Millions,Millions,Millions,Millions,Millions,Millions,Millions,Millions,Millions,Millions,Millions,Millions,Millions,Millions,Millions,,,,,,,,,,,,,,,,,,
Cash and Cash Equivalents,,,,,Biocon,6520000,6584800,6610000,8044,8550000,7558000,5860000,4575,8160000,9682300,7140000,7613,5047,5510000,7102,5173,4849,3619,5012,5763,7298,6549,9101,10628,9531,6632,6630,7506,13235,6444,12336,16877,32271,42747,24165,,,,,,,,,,,,,,,,,,
Other Bank Balances,,,,,Biocon,,,,,,,,4629,,,,7773,,,3341,,,,8216,,3274,,,,,,,,,,,,,,,,,,,,,,,,,,,,,,,,
Bank Balances Other Than (iii) Above,,,,,Biocon,,,,,,,,,,,,,13911,12600000,,3391,2004,2051,,6595,,1312,885,3549,10623,10054,10845,7269,10766,13445,,4067,8931,3264,7771,,,,,,,,,,,,,,,,,,
Iv) Bank balances other than (ili) above,,,,,Biocon,,,,,,,,,,,,,,,,,,,,,,,,,,,,,,,10251,,,,,,,,,,,,,,,,,,,,,,
Investments,,,,,Biocon,6330000,4756300,3880000,7004,4890000,3341700,3020000,2478,2310000,4153400,3650000,8747,4162,4410000,10650,12473,12953,12339,6114,4700,8293,5585,8576,8375,12087,14057,12177,24999,13265,17973,,5559,,15024,,,,,,,,,,,,,,,,,,,
Iinvestments,,,,,Biocon,,,,,,,,,,,,,,,,,,,,,,,,,,,,,,,3156,,4473,,6898,,,,,,,,,,,,,,,,,,
Trade Receivables,,,,,Biocon,5830000,5835200,6210000,5998,6640000,6623100,6910000,6833,7630000,7177500,7250000,7145,7995,9070000,8832,8295,9451,10146,10639,10389,12918,11121,12237,12281,15033,11596,20582,20788,35732,40332,,61292,54879,55192,59868,,,,,,,,,,,,,,,,,,
Ji) Trade Receivable,,,,,Biocon,,,,,,,,,,,,,,,,,,,,,,,,,,,,,,,62306,,,,,,,,,,,,,,,,,,,,,,
Loans,,,,,Biocon,,,,,,,,,,,,,,,,,,,,,,,,,,334,,,,,,,,,,,,,,,,,,,,,,,,,,,
Loans and Advances,,,,,Biocon,700000,622900,1590000,818,1330000,1166700,1480000,,1120000,1073500,1250000,,,,,,,,,,,,,,,,671,,,,,,,,,,,,,,,,,,,,,,,,,,
Inventories,,,,,Biocon,3960000,4228600,4430000,3766,3790000,4367500,5100000,4756,4620000,5044100,5330000,5424,5273,6040000,6353,7177,7161,7355,7225,8776,10316,13414,14359,16421,18666,22727,22982,29819,42437,49108,49439,49651,49311,57768,60857,,,,,,,,,,,,,,,,,,
Derivatives Assets,,,,,Biocon,,,,,,,,350,,,,511,,,1059,1033,816,1270,995,574,775,707,194,475,833,1006,1223,512,704,1547,,1379,,404,,,,,,,,,,,,,,,,,,,
(V) Derivative Assets,,,,,Biocon,,,,,,,,,,,,,,,,,,,,,,,,,,,,,,,,,964,,218,,,,,,,,,,,,,,,,,,
Vj Derivative assets,,,,,Biocon,,,,,,,,,,,,,,,,,,,,,,,,,,,,,,,1384,,,,,,,,,,,,,,,,,,,,,,
Other Current Assets,,,,,Biocon,850000,886600,800000,758,810000,959500,870000,661,1030000,1563000,1650000,652,745,1670000,997,1480,1817,1599,1370,1556,2145,1784,3395,4038,3638,3705,4207,4793,5880,10407,7151,8041,7474,9755,8871,,,,,,,,,,,,,,,,,,
Other Financial Assets,,,,,Biocon,,,,,,,,468,,,,1844,2321,2380000,2143,1579,1299,1969,1915,4814,3866,5624,4503,7331,5071,6603,4506,4796,1321,1443,,4669,4559,3657,3150,,,,,,,,,,,,,,,,,,
Assets Classified as Held for Sale,,,,,Biocon,,,,,,,,,,,,,,,,,,,,,,,,704,522,,,,,,,,,,,,,,,,,,,,,,,,,,,,
Vi Other Financial Assets,,,,,Biocon,,,,,,,,,,,,,,,,,,,,,,,,,,,,,,,5769,,,,,,,,,,,,,,,,,,,,,,
Total Current Assets,,,,,Biocon,24190000,22914400,23520000,26388,26010000,24016500,23240000,24750,24870000,28693800,26270000,39709,39454,41680000,40477,40601,40350,40348,41486,43167,48885,46096,53250,63802,76004,76714,83823,100482,123340,140699,151792,151535,162862,187811,171798,,,,,,,,,,,,,,,,,,
Right of Use Assets,,,,,Biocon,,,,,,,,,,,,,,,,,,,,,,1337,1283,1572,1533,1511,2673,2626,2582,4861,5745,6368,6042,6113,5780,,,,,,,,,,,,,,,,,,
Tangible Assets,,,,,Biocon,19040000,20466700,23370000,15035,28180000,29896800,31370000,15982,34240000,33945900,36780000,16811,17675,17630000,35529,35060,36027,34982,36297,41445,42527,44141,53932,53054,55573,55554,56767,71714,72769,71760,74181,74624,87082,,94728,,,,,,,,,,,,,,,,,,
Capital Work in Progress,,,,,Biocon,,,,10831,,,,15582,,,,20597,22721,23300000,5327,6131,5736,7114,7789,8467,12869,17339,15765,19141,22535,27879,34203,22746,25875,,39852,,41017,46508,46127,,,,,,,,,,,,,,,,,,
Non Current Assets Property Plant and Equipment,,,,,Biocon,,,,,,,,,,,,,,,,,,,,,,,,,,,,,,,,,,88646,,,,,,,,,,,,,,,,,,,
Capital Assets Work in Progress,,,,,Biocon,,,,,,,,,,,,,,,,,,,,,,,,,,,,,,32600,,43542,,,,,,,,,,,,,,,,,,,,,
Investments in Associates and a Joint Venture,,,,,Biocon,,,,,,,,384,,,,259,421,430000,422,463,522,584,638,634,431,258,142,,1795,771,80,975,1378,1550,,,,,,,,,,,,,,,,,,,,,,,
Non-current Investments,,,,,Biocon,650000,645700,650000,645,650000,645400,650000,,,,,,,,1458,1458,,,,4124,1394,4023,943,1122,5637,3416,3622,2559,6045,881,,12527,,8309,,,,,,,,,,,,,,,,,,,
Iinvestments,,,,,Biocon,,,,,,,,,,,,,,,,,,,,,,,,,,,,,,,6841,,6797,,10893,,,,,,,,,,,,,,,,,,
Deferred Tax Asset-net,,,,,Biocon,,,,,,47600,100000,320,,,,715,653,700000,1975,1943,1987,1888,1934,3835,3247,3080,3680,3680,3077,2922,2933,3051,3010,3789,3173,2214,2577,2964,5556,,,,,,,,,,,,,,,,,,
Derivatives Assets,,,,,Biocon,,,,,,,,874,,,,614,,,1092,1127,1220,1424,1109,609,710,591,257,421,656,1006,1468,1753,1454,2223,,1709,1874,924,430,,,,,,,,,,,,,,,,,,
Ii Derivative assets,,,,,Biocon,,,,,,,,,,,,,,,,,,,,,,,,,,,,,,,2657,,,,,,,,,,,,,,,,,,,,,,
"Income Tax Assets, Net",,,,,Biocon,,,,,,,,890,,,,852,883,910000,895,927,1013,1154,1273,1350,1693,1690,2417,2741,2648,2866,3135,3687,3543,2923,4129,4577,3706,3727,4296,,,,,,,,,,,,,,,,,,
Long-term Loans and Advances,,,,,Biocon,2750000,3032700,2740000,2693,2680000,2988800,3250000,,3830000,3916200,3680000,,304,300000,,,,,,,,,,,,,,,,,,,,,,,,,,,,,,,,,,,,,,,
Goodwill,,,,,Biocon,120000,121600,120000,,120000,1785100,1790000,264,260000,263500,340000,264,264,260000,264,264,264,264,264,264,264,264,264,264,264,264,264,264,161362,163339,163724,164673,167857,174600,183775,,,,,,,,,,,,,,,,,,
Other Intangible Assets,,,,,Biocon,,,,,,,,228,,,,408,492,460000,458,434,407,426,434,653,1919,2079,4232,5684,6269,6399,5986,5743,57964,64730,62786,60244,58652,,80576,,,,,,,,,,,,,,,,,,
Intangible Assets Under Development,,,,,Biocon,,,,1225,,,,1718,,,,1798,2746,2960000,3065,3424,3852,4227,5239,6346,6120,7612,6195,5156,5467,5943,6901,7640,47295,41650,40081,42007,44067,38892,23740,,,,,,,,,,,,,,,,,,
Intangible Assets,,,,,Biocon,,,,217,,,,,,,,,,,,,,,,,,,,,,,,,,,,,,64373,,,,,,,,,,,,,,,,,,,
Other Non-current Assets,,,,,Biocon,470000,524100,520000,472,1680000,1610400,1490000,2123,1350000,3326200,3380000,2287,2188,2400000,2775,3046,3127,3608,3186,3261,1474,2425,1514,1368,1756,1555,1631,2230,2981,2879,4280,5474,4757,3438,2848,,,,,,,,,,,,,,,,,,
Other Financial Assets,,,,,Biocon,,,,,,,,193,,,,258,918,1110000,197,196,239,241,248,284,391,349,564,598,2009,1070,454,1172,10830,11885,,1785,683,1293,5959,,,,,,,,,,,,,,,,,,
Investment Property,,,,,Biocon,,,,,,,,11,,,,9,9,10000,8,8,6,7,,,,,,,,,,,,,,,,,,,,,,,,,,,,,,,,,,,
Ui Other Financial Assets,,,,,Biocon,,,,,,,,,,,,,,,,,,,,,,,,,,,,,,,1466,,,,,,,,,,,,,,,,,,,,,,
Total Assets,,,,,Biocon,47220000,47705200,50920000,57506,59320000,60990600,61890000,63319,64550000,70145600,70450000,84581,88728,92150000,93942,95082,94750,96267,99897,114439,121924,131284,144438,158603,185223,187870,203940,226642,520428,545769,560707,571279,587973,627598,636506,,,,,,,,,,,,,,,,,,
Trade Payables,,,,,Biocon,4040000,3929700,3900000,3472,4460000,4395900,4800000,4126,4630000,5281100,5230000,6098,7057,6950000,7397,7987,8227,9623,,10728,,,,,,,,,,,,,,,,,,,,,,,,,,,,,,,,,
Total Outstanding Dues of Creditors Other Than Micro Enterprises and Small Enterprises,,,,,Biocon,,,,,,,,,,,,,,,,,,,9839,,11687,,12870,,14369,,15049,,36929,,61762,,64172,,66370,,,,,,,,,,,,,,,,,,
Total Outstanding Dues of Creditors Other Than Micro and Small Enterprises,,,,,Biocon,,,,,,,,,,,,,,,,,,,,,,12519,,14069,,12745,,16050,,42434,,62416,,67606,,,,,,,,,,,,,,,,,,,
Total Outstanding Dues of Micro and Small Enterprises,,,,,Biocon,,,,,,,,,,,,,,,,,,,214,,296,,381,,770,,1036,,1491,,958,,1315,,1351,,,,,,,,,,,,,,,,,,
Trade Payables Total Outstanding Dues of Micro and Small Enterprises,,,,,Biocon,,,,,,,,,,,,,,,,,,,,,,137,,336,,1074,,940,,1491,,1273,,2150,,,,,,,,,,,,,,,,,,,
Iborrowings,,,,,Biocon,,,,,,,,,,,,,,,,,,,,,,,,,,,,,,,27972,,53501,,40784,,,,,,,,,,,,,,,,,,
Short-term Borrowings,,,,,Biocon,720000,690900,620000,,2270000,3999200,3690000,,2590000,3157200,2540000,,3083,3150000,,2194,2116,2070,,2702,,4587,,6109,,15937,,11775,,28165,,41683,,53377,,,,,,,,,,,,,,,,,,,
Borrowings,,,,,Biocon,,,,2435,,,,2610,,,,3949,,,972,,,,1303,,2612,,6676,,13970,,9055,,24802,,,,,,,,,,,,,,,,,,,,,,,,
Lease Liabilities,,,,,Biocon,,,,,,,,,,,,,,,,,,,,,9,57,68,103,84,189,211,505,390,696,547,1012,674,697,724,,,,,,,,,,,,,,,,,,
Derivative Liabilities,,,,,Biocon,,,,,,,,128,,,,143,,,63,63,68,17,62,669,141,124,721,410,260,261,124,1208,586,,,18,455,2112,2478,,,,,,,,,,,,,,,,,,
Tv Derivative liabilities,,,,,Biocon,,,,,,,,,,,,,,,,,,,,,,,,,,,,,,,12,,,,,,,,,,,,,,,,,,,,,,
"Income Tax Liability, Net",,,,,Biocon,,,,,,,,,,,,,978,1130000,,1048,958,953,,1954,,1563,,1788,,1735,,2305,,2360,,2681,,2057,,,,,,,,,,,,,,,,,,,
"Current Tax Liabilities, Net",,,,,Biocon,,,,,,,,609,,,,965,,,964,,,,891,,1238,,1279,,1524,,1618,,2250,,2769,,1731,,4160,,,,,,,,,,,,,,,,,,
Short-term Provisions,,,,,Biocon,2660000,1043300,1020000,,1890000,766800,710000,,920000,1570700,940000,,439,460000,,500,528,558,,599,,969,,1137,,1234,,1458,,1686,,2076,,2122,,,,,,,,,,,,,,,,,,,
Other Current Liabilities,,,,,Biocon,3150000,3378500,3590000,6123,4640000,4853700,4240000,3687,6870000,5897200,5590000,3164,2159,1020000,2834,2437,1980,974,3076,2016,3691,2764,4976,3623,5810,4122,6250,4215,11094,5785,7768,4742,10248,8415,12603,,,,,,,,,,,,,,,,,,
Provisions,,,,,Biocon,,,,1766,,,,398,,,,374,,,468,,,,465,,805,,1030,,1094,,1305,,1486,,1795,,1916,,2555,,,,,,,,,,,,,,,,,,
Other Financial Liabilities,,,,,Biocon,,,,,,,,4416,,,,1964,2064,3270000,4085,3161,2967,3962,5563,6749,9906,10848,12079,10939,3816,3101,3632,2797,6079,346,,42150,,24006,,,,,,,,,,,,,,,,,,,
Other Financial Liabilities,,,,,Biocon,,,,,,,,,,,,,,,,,,,,,,,,,,,,,,20701,,,,,,,,,,,,,,,,,,,,,,,
Liabilities Directly Associated With Assets Classified as Held for Sale,,,,,Biocon,,,,,,,,,,,,,,,,,,,,,,,,585,404,,,,,,,,,,,,,,,,,,,,,,,,,,,,
(V) Other Financial Liabilities,,,,,Biocon,,,,,,,,,,,,,,,,,,,,,,,,,,,,,,,50005,,9326,,9667,,,,,,,,,,,,,,,,,,
Total Current Liabilities,,,,,Biocon,10570000,9042400,9130000,13796,13260000,14015600,13440000,15974,15010000,15906200,14300000,16657,15780,15980000,16783,17390,16844,18157,21413,25417,30385,33568,40080,39099,42101,40398,38280,41253,85107,103664,153588,158051,143338,162542,140692,,,,,,,,,,,,,,,,,,
Long-term Borrowings,,,,,Biocon,3020000,3353800,4750000,6062,7040000,7830400,7970000,7671,7610000,8782100,9430000,20724,21360,22300000,21082,20709,20551,19149,17898,18464,15256,16836,12222,19519,29616,30277,39985,44379,152905,150073,,119815,,105700,,,,,,,,,,,,,,,,,,,
Iborrowings,,,,,Biocon,,,,,,,,,,,,,,,,,,,,,,,,,,,,,,,129324,,124054,,107463,,,,,,,,,,,,,,,,,,
Lease Liabilities,,,,,Biocon,,,,,,,,,,,,,,,,,,,,,151,852,831,1143,1141,1029,2215,1935,2091,3589,,5198,5391,5581,5370,,,,,,,,,,,,,,,,,,
Ii Lease Liabilities,,,,,Biocon,,,,,,,,,,,,,,,,,,,,,,,,,,,,,,,4924,,,,,,,,,,,,,,,,,,,,,,
Derivative Liabilities,,,,,Biocon,,,,,,,,174,,,,191,,,61,,,,183,,350,,1461,1195,618,466,136,693,258,48,,189,232,747,683,,,,,,,,,,,,,,,,,,
Derivative Liability,,,,,Biocon,,,,,,,,,,,,,,,,49,70,71,,1802,,714,,,,,,,,,,,,,,,,,,,,,,,,,,,,,,,
Deferred Tax Liability,,,,,Biocon,400000,360500,350000,450,450000,421800,420000,,370000,369800,350000,,,,,,,,,,,,298,351,323,356,523,715,3818,3807,3915,3907,3577,2532,2417,,,,,,,,,,,,,,,,,,
Minority Interest,,,,,Biocon,680000,711000,760000,823,870000,620000,690000,1121,1840000,3074900,3260000,2658,3275,3520000,3761,3953,4116,4517,4677,4855,6089,6451,6773,7696,8807,9393,10375,12118,46219,52950,54911,57268,60685,62516,25897,,,,,,,,,,,,,,,,,,
Provisions,,,,,Biocon,50000,63400,70000,78,80000,95900,100000,150,170000,200500,220000,299,336,350000,360,374,391,409,493,531,661,830,858,968,1062,1157,917,983,2265,1052,2376,2260,2608,2715,3303,,,,,,,,,,,,,,,,,,
Other Non-current Liabilities,,,,,Biocon,4360000,4879600,5500000,6030,6280000,5795700,6330000,5601,5570000,5552500,5480000,3711,3614,3640000,3516,3404,3384,3331,3423,6333,8052,8228,9494,9434,10253,10884,12151,13219,2901,3411,3107,3084,3366,3302,4813,,,,,,,,,,,,,,,,,,
Other Financial Liabilities,,,,,Biocon,,,,,,,,6,,,,3,154,80000,2,1,1,1,2,1,,,5363,8652,15033,15033,15033,15068,46195,37351,,11575,28282,13927,5550,,,,,,,,,,,,,,,,,,
Iv.other Financial Liabilities,,,,,Biocon,,,,,,,,,,,,,,,,,,,,,,,,,,,,,,,10725,,,,,,,,,,,,,,,,,,,,,,
Common Stock - Par Value,,,,,Biocon,1000000,1000000,1000000,1000,1000000,1000000,1000000,1000,1000000,1000000,1000000,1000,1000,1000000,1000,3000,3000,3000,3000,3000,3000,6000,6000,6000,6000,6003,6003,6003,6003,6003,6003,6003,6003,6685,8105,,,,,,,,,,,,,,,,,,
Reserves & Surplus,,,,,Biocon,27140000,28294500,29360000,29267,30340000,31211200,31940000,,32980000,35259600,36410000,,,,,,,,,,,,,,,,,,,,,,,,,,,,,,,,,,,,,,,,,,
Other Equity,,,,,Biocon,,,,,,,,31622,,,,39338,43209,45280000,47377,46202,46393,47632,48808,54036,57980,57805,61058,64546,70269,72874,78322,90276,172666,183821,191834,203929,210437,261351,332213,,,,,,,,,,,,,,,,,,
Total Shareholders Equity,,,,,Biocon,28140000,29294500,30360000,30267,31340000,32211200,32940000,32622,33980000,36259600,37410000,40338,44209,46280000,48377,49202,49393,50632,51808,57036,60980,63805,67058,70546,76269,78877,84325,96279,178669,189824,197837,209932,216440,268036,340318,,,,,,,,,,,,,,,,,,
Total Liabilities & Shareholders Equity,,,,,Biocon,47220000,47705200,50920000,57506,59320000,60990600,61890000,63319,64550000,70145600,70450000,84581,88728,92150000,93942,95082,94750,96267,99897,114439,121924,131284,144438,158603,185223,187870,203940,226642,520428,545769,560707,571279,587973,627598,636506,,,,,,,,,,,,,,,,,,
Biocon Limited | Income Statement (As Reported),,,,,Biocon,,,,,,,,,,,,,,,,,,,,,,,,,,,,,,,,,,,,,,,,,,,,,,,,,,,,,
S&P Capital IQ - Standard,,,,,Biocon,2014 FQ1,2014 FQ2,2014 FQ3,2014 FQ4,2015 FQ1,2015 FQ2,2015 FQ3,2015 FQ4,2016 FQ1,2016 FQ2,2016 FQ3,2016 FQ4,2017 FQ1,2017 FQ2,2017 FQ3,2017 FQ4,2018 FQ1,2018 FQ2,2018 FQ3,2018 FQ4,2019 FQ1,2019 FQ2,2019 FQ3,2019 FQ4,2020 FQ1,2020 FQ2,2020 FQ3,2020 FQ4,2021 FQ1,2021 FQ2,2021 FQ3,2021 FQ4,2022 FQ1,2022 FQ2,2022 FQ3,2022 FQ4,2023 FQ1,2023 FQ2,2023 FQ3,2023 FQ4,2024 FQ1,2024 FQ2,2024 FQ3,2024 FQ4,2025 FQ1,2025 FQ2,2025 FQ3,2025 FQ4,2026 FQ1,2026 FQ2,2026 FQ3,2026 FQ4,2027 FQ1
Period Ended,,,,,Biocon,2013-06-30 00:00:00,2013-09-30 00:00:00,2013-12-31 00:00:00,2014-03-31 00:00:00,2014-06-30 00:00:00,2014-09-30 00:00:00,2014-12-31 00:00:00,2015-03-31 00:00:00,2015-06-30 00:00:00,2015-09-30 00:00:00,2015-12-31 00:00:00,2016-03-31 00:00:00,2016-06-30 00:00:00,2016-09-30 00:00:00,2016-12-31 00:00:00,2017-03-31 00:00:00,2017-06-30 00:00:00,2017-09-30 00:00:00,2017-12-31 00:00:00,2018-03-31 00:00:00,2018-06-30 00:00:00,2018-09-30 00:00:00,2018-12-31 00:00:00,2019-03-31 00:00:00,2019-06-30 00:00:00,2019-09-30 00:00:00,2019-12-31 00:00:00,2020-03-31 00:00:00,2020-06-30 00:00:00,2020-09-30 00:00:00,2020-12-31 00:00:00,2021-03-31 00:00:00,2021-06-30 00:00:00,2021-09-30 00:00:00,2021-12-31 00:00:00,2022-03-31 00:00:00,2022-06-30 00:00:00,2022-09-30 00:00:00,2022-12-31 00:00:00,2023-03-31 00:00:00,2023-06-30 00:00:00,2023-09-30 00:00:00,2023-12-31 00:00:00,2024-03-31 00:00:00,2024-06-30 00:00:00,2024-09-30 00:00:00,2024-12-31 00:00:00,2025-03-31 00:00:00,2025-06-30 00:00:00,2025-09-30 00:00:00,2025-12-31 00:00:00,2026-03-31 00:00:00,2026-06-30 00:00:00
Currency,,,,,Biocon,INR,INR,INR,INR,INR,INR,INR,INR,INR,INR,INR,INR,INR,INR,INR,INR,INR,INR,INR,INR,INR,INR,INR,INR,INR,INR,INR,INR,INR,INR,INR,INR,INR,INR,INR,INR,INR,INR,INR,INR,INR,INR,INR,INR,INR,INR,INR,INR,INR,INR,INR,INR,INR
Units,,,,,Biocon,Thousands,Thousands,Thousands,Thousands,Thousands,Thousands,Millions,Millions,Millions,Millions,Millions,Millions,Millions,Millions,Millions,Millions,Millions,Millions,Millions,Millions,Millions,Millions,Millions,Millions,Millions,Millions,Millions,Millions,Millions,Millions,Millions,Millions,Millions,Millions,Millions,Millions,Millions,Millions,Millions,Millions,Millions,Millions,Millions,Millions,Millions,Millions,Millions,Millions,Millions,Millions,Millions,Millions,Millions
Revenues,,,,,Biocon,,,,,,,,,,,,,,,,,,,,,,,,,,,,,,,,,,,,,,,,,,,,,,,,,,,,,
Sales of Product,,,,,Biocon,,,,,,,,,,,,,,,,,,,,,,,,,,,,,,,,,,,,,,,21144,25428,24112,25087,27208,29473,26134,,28580,33857,30670,,32114,34821,35721
Sales of Services,,,,,Biocon,,,,,,,,,,,,,,,,,,,,,,,,,,,,,,,,,,,,,,,7509,11697,9795,8839,8279,9165,7627,,9150,9724,8431,,9116,10022,7197
Net Sales/income from Operations,,,,,Biocon,6947600,7342100,7011600,7225900,7188100,7496900,7611,8304,7579,,,,,,,,,,,,,,,,,,,,,,,,,,,,,,,,,,,,,,,,,,,,
Sales and Income from Operations,,,,,Biocon,,,,,,,,,,7852,7962,9453,9920,9541,10444,9311,9337,9686,10579,11695,11238,13210,15408,15288,14589,15673,17168,15575,16938,17498,18574,18421,17606,18404,21742,24088,21395,23197,,,,,,,,35904,,,,42955,,,
Other Income,,,,,Biocon,,,,,,,,,,,,160,409,384,474,432,540,508,339,675,688,544,256,282,241,384,358,631,183,155,279,2054,472,1049,483,673,779,645,786,1549,935,1579,5655,486,11345,325,348,369,797,930,1173,525,545
Other Operating Revenue,,,,,Biocon,59300,66000,61200,59400,65100,79000,81,73,560,110,109,114,,,,,,,,,,,,,,,,,,,,,,,,,,,758,614,319,697,4050,533,568,,484,589,318,,500,323,442
Total Revenues,,,,,Biocon,7006900,7408100,7072800,7285300,7253200,7575900,7692,8377,8139,7962,8071,9727,10329,9925,10918,9743,9877,10194,10918,12370,11926,13754,15664,15570,14830,16057,17526,16206,17121,17653,18853,20475,18078,19453,22225,24761,22174,23842,30197,39288,35161,36202,45192,39657,45674,36229,38562,44539,40216,43885,42903,45691,43905
Expenses,,,,,Biocon,,,,,,,,,,,,,,,,,,,,,,,,,,,,,,,,,,,,,,,,,,,,,,,,,,,,,
Cost of Goods Sold,,,,,Biocon,,,,,,,,,,,,,,,,,,,,,,,,,,,,,,,,,,,,,,,,,,,,,-8601,,,,,,,,
Consumption of Raw Materials,,,,,Biocon,-2698200,-2797100,-2733800,-2424500,-2587900,-3309500,-3149,-2923,-2830,-3392,-3103,-3078,,,,,,,,,,,,,,,,-5192,-4991,-6512,-6608,-6191,-7028,-6034,-7599,-7478,-7450,-9582,-10736,-4143,-10256,-11660,-14025,,,-10094,-12930,-11142,-12240,-13675,-13273,-13588,-14241
Excise Duty,,,,,Biocon,,,,,,,,,,-75,-72,-118,-96,-83,-68,-58,-63,,,,,,,,,,,,,,,,,,,,,,,,,,,,,,,,,,,,
Cost of Materials Consumed,,,,,Biocon,,,,,,,,,,,,,,,,,,,,,,,,,,,,,,,,,,,,,,,,,,,,-14778,,,,,,,,,
Purchase of Traded Goods,,,,,Biocon,-232700,-361800,-360100,-246100,-183400,-264900,-308,-353,-225,-242,-308,15,-589,-556,-481,-306,-504,-718,-697,-409,-280,-434,-359,-130,-189,-249,-197,-219,-348,-216,-175,-297,-488,-334,-293,-496,-165,-698,-374,-5024,-2775,-3720,-333,1,-4085,-491,-855,-835,-8371,-1350,-1679,-2226,-3819
Cost of Raw Material/packing Material Consumed,,,,,Biocon,,,,,,,,,,,,,-2751,-3260,-3808,-3405,-3547,-3077,-3587,-4239,-4411,-4369,-5540,-5540,-5032,-5409,-5416,,,,,,,,,,,,,,,,,,,,,,,,,,
Changes in Inventories of Finished Goods and Work in Progress,,,,,Biocon,-105700,209200,146400,-255700,-139500,475700,281,-99,-159,446,452,-480,-566,361,610,285,456,19,46,-104,352,336,618,791,1043,920,137,-92,-289,1367,1124,699,1395,717,763,-309,587,2761,1314,-3121,935,4110,2040,,,-1241,192,-2752,6560,-445,1559,1821,3384
Changes in Inventory (Expense Block),,,,,Biocon,,,,,,,,,,,,,,,,,,,,,,,,,,,,,,,,,,,,,,,,,,,,,859,,,,,,,,
"Changes in Inventories of Finished Goods, Work in Progress and Stock in Trade",,,,,Biocon,,,,,,,,,,,,,,,,,,,,,,,,,,,,,,,,,,,,,,,,,,,,1482,,,,,,,,,
Employee Benefit Expense,,,,,Biocon,-1153000,-1131000,-1154600,-1224000,-1254900,-1353800,-1360,-1366,-1483,-1431,-1522,-1665,-1785,-1804,-1942,-1939,-2133,-2255,-2353,-2570,-2614,-2889,-2944,-3206,-3410,-3533,-3761,-3884,-3937,-4319,-4633,-4521,-4360,-4788,-4950,-4703,-5126,-5403,-5588,-5693,-5793,-6224,-7208,-7416,-7554,-7896,-7883,-8111,-8331,-8877,-8751,-9121,-9161
Research and Development,,,,,Biocon,,,,,,,,,,,,,,,,,,,,,,,,,,,,,,,,,,,1351,,,,,,,,,,,,,,,,,,
Recovery of Product Development Costs from Co Development Partners,,,,,Biocon,235700,453000,543600,455900,179100,429200,368,344,275,353,375,317,,,,,,,,,,,,,,,,,,,,,,,,,,,,,,,,,,,,,,,,,
Recovery of Cost from Co- Development Partners (net),,,,,Biocon,,,,,,,,,,,,,333,443,379,128,374,376,644,353,620,832,616,631,678,821,871,1088,788,849,882,988,811,900,,1702,1815,957,1132,18,,39,13,737,321,444,341,370,346,132,531,128,16
Less Recovery of Cost from Co-development Partners (net),,,,,Biocon,,,,,,,,,,,,,,,,,,,,,,,,,,,,,,,,,,,,,,,,,49,,,,,,,,,,,,
Other Expenses,,,,,Biocon,-1532600,-2021800,-1756100,-1835400,-1527200,-1822200,-1925,-2128,-1634,-1930,-2045,-2512,-1835,-2242,-2373,-2141,-1999,-2208,-2415,-2396,-2527,-3290,-3992,-3804,-3304,-4195,-4360,-4090,-4028,-4753,-5166,-4742,-4043,-4407,-6132,-6885,-7062,-6525,-8716,-9803,-9242,-9752,-10756,-10038,-9065,-9772,-9561,-10918,-9722,-10386,-11782,-11977,-11067
Depreciation and Amortization,,,,,Biocon,-482500,-500900,-513000,-540000,-519300,-542100,-563,-586,-590,-610,-639,-648,-661,-683,-703,-725,-988,-936,-974,-953,-991,-1122,-1167,-1198,-1242,-1316,-1440,-1524,-1668,-1777,-1863,-1843,-1948,-2015,-2057,-2122,-2175,-2308,-3011,-3637,-3580,-3893,-4145,-4070,-4054,-4199,-4254,-4363,-4550,-4730,-5153,-5134,-5474
"Share of Profit/loss of Joint Ventures and Associates, Net",,,,,Biocon,,,,,,,,,,,,53,54,46,8,55,41,59,62,51,5,-9,125,-112,,,,,-36,-50,-11,-697,-561,-506,-472,-530,-430,-283,-556,-401,,-242,-241,,,,,,,,,,
"Share of Loss of Joint Ventures and Associates, Net",,,,,Biocon,,,,,,,,,,,,,,,,,,,,,,,,,,,,,,,,,,,,,,,,,-332,,,-27,,,,,,,,,
Finance Costs,,,,,Biocon,-3800,-3400,-2600,-7300,-5800,-50300,-48,,-44,-29,-15,-205,-57,-65,-88,-50,-161,-138,-147,-169,-176,-188,-186,-159,-166,-138,-177,-168,-125,-65,-48,-339,-199,-225,-147,-105,-199,-300,-1203,-2488,-2330,-2477,-2667,-2270,-2360,-2256,-2234,-2124,-2767,-2722,-2099,-2315,-2132
Other Income,,,,,Biocon,224800,117300,122900,172400,166300,150400,98,169,199,227,216,,,,,,,,,,,,,,,,,,,,,,,,,,,,,,,,,,,,,,,,,,
Exceptional Items,,,,,Biocon,,,,,,,,1051,,-1078,,2684,,,,,,,,,,1888,58,,,675,,,,,,126,,-701,,-410,,-170,-2714,-30,,-240,212,,,,181,204,-172,,-2934,-804,-135
"Exceptional Items, Net",,,,,Biocon,,,,,,,,,,,,,,,,,,,,,,,,,,,,,,,,,,,,,,,,,,,,-88,,,,,,,,,
Exceptional Items (net)-refer,,,,,Biocon,,,,,,,,,,,,,,,,,,,,,,,,,,,,,,,,,,,,,,,,,,,,,320,,,,,,,,
Items -net,,,,,Biocon,,,,,,,,,,,,,,,,,,,,,,,,,,,,,,,,,,,,,,,,,,,,,,260,,,,-119,,,
Earnings before Taxes,,,,,Biocon,1258900,1371600,1365500,1380600,1380600,1288400,1086,2486,1648,201,1410,4090,2376,2082,2452,1587,1353,1316,1497,1934,1904,4509,2893,2843,3208,3633,3183,2125,2487,2177,2355,3658,1657,2060,2689,3425,1969,2291,-255,4966,1837,2143,8082,3190,11455,984,1559,4868,969,1713,-678,2475,1276
Taxes and Other Expenses,,,,,Biocon,,,,,,,,,,,,,,,,,,,,,,,,,,,,,,,,,,,,,,,,,,,,,,,,,,,,,
Provision for Income Tax,,,,,Biocon,-297100,-318900,-261600,-191500,-308900,-218200,-111,-318,-376,-282,-218,-660,-552,-417,-544,-103,-376,-425,-361,-407,-521,-732,-461,-409,-852,-1001,-848,-450,-809,-223,-489,-694,-573,-463,-493,-586,-488,-1071,-590,-724,-434,-523,-827,-1359,-2253,-542,-1136,-213,-667,-593,-670,-2506,-1158
Provision for Income Tax,,,,,Biocon,,,,,,,,,,,,-52,,,,,,,,,,,,,,,,,,,,,,,,,193,-660,638,-97,86,107,278,398,-584,-243,388,-61,590,46,830,2017,1250
Provision for Income Tax,,,,,Biocon,,,,,,,,,,,,166,,,,,,,,,,,,,,,,,,,,,,,,,,258,,,,,,,,72,,,,162,,,
Share of Profits of Joint Ventures,,,,,Biocon,,,,,,,,,38,100,26,,,,,,,,,,,,,,,,,,,,,,,,,,,,,,,,,,,,,,,,,,
Minority Interest (After Tax),,,,,Biocon,-26800,-31200,-54000,-58300,-42600,-49700,-66,-153,-71,-125,-177,-214,-158,-198,-195,-209,-164,-203,-217,-223,-186,-230,-260,-297,-214,-381,-275,-357,-184,-261,-180,-432,-240,-214,-325,-453,-230,-349,-211,-1013,-475,-471,-933,-874,-2021,-431,-560,-1149,-578,-483,1956,-727,43
Earnings of Discontinued Operations,,,,,Biocon,,,,,,,,,,,,,,,,,,,,,,,,,-79,-94,-32,-84,,,,,,,,,,,,,,,,,,,,,,,,,
Net Income (Loss),,,,,Biocon,935000,1021500,1049900,1130800,1029100,1020500,909,2015,1239,-106,1041,3330,1666,1467,1713,1275,813,688,919,1304,1197,3547,2172,2137,2063,2157,2028,1234,1494,1693,1686,2532,844,1383,1871,2386,1444,469,-418,3132,1014,1256,6600,1355,6597,-160,251,3445,314,845,1438,1259,1411
Supplementary Info,,,,,Biocon,,,,,,,,,,,,,,,,,,,,,,,,,,,,,,,,,,,,,,,,,,,,,,,,,,,,,
Operating Income (Loss),,,,,Biocon,1037900,1257700,1245200,1215500,1220100,1188300,1036,1266,1493,1081,1209,,,,,,,,,,,,,,,,,,,,,4229,,,,4365,,,,,,,,,,,,,,,,,
Basic EPS - Continuing Operations,,,,,Biocon,4.77,5.21,5.35,5.76,5.24,5.2,4.63,10.08,6.31,-0.54,5.3,16.97,2.83,2.49,2.91,2.16,1.38,1.17,1.56,2.21,1.02,3,1.84,1.81,1.81,1.9,1.74,1.11,1.26,1.43,1.42,2.13,0.71,1.16,1.57,2,1.21,0.39,-0.35,2.62,0.85,1.05,5.52,1.13,5.51,-0.13,0.21,2.88,0.26,0.66,1.08,0.79,0.87
Basic EPS - Discontinued Operations,,,,,Biocon,,,,,,,,,,,,,,,,,,,,,,,,,-0.07,-0.08,-0.03,-0.07,,,,,,,,,,,,,,,,,,,,,,,,,
Basic Earnings Per Share – Total,,,,,Biocon,,,,,,,,,,,,,,,,,,,,,,,,,1.74,1.82,1.71,1.04,,,,,,,,,,,,,,,,,,,,,,,,,
Diluted EPS - Continuing Operations,,,,,Biocon,4.73,5.17,5.31,5.69,5.2,5.12,4.56,10.08,6.3,-0.54,5.3,16.95,2.82,2.47,2.88,2.14,1.37,1.16,1.55,2.19,1.01,2.98,1.82,1.79,1.81,1.9,1.74,1.11,1.25,1.41,1.4,2.12,0.71,1.16,1.56,1.99,1.21,0.39,-0.35,2.62,0.85,1.05,5.51,1.13,5.51,-0.13,0.21,2.87,0.26,0.65,1.07,0.79,0.87
Diluted EPS - Discontinued Operations,,,,,Biocon,,,,,,,,,,,,,,,,,,,,,,,,,-0.07,-0.08,-0.03,-0.07,,,,,,,,,,,,,,,,,,,,,,,,,
Diluted Earnings Per Share – Total,,,,,Biocon,,,,,,,,,,,,,,,,,,,,,,,,,1.74,1.82,1.71,1.04,,,,,,,,,,,,,,,,,,,,,,,,,
